<?xml version="1.0" encoding="utf-8"?>
<InternetSettings clsid="{B611EB48-F531-42cd-A1F6-5E0D015377BA}"><IE10 clsid="{683F7AD7-E782-4232-8A6D-F22431F12DB5}" name="Internet Explorer 10" status="Internet Explorer 10" changed="2018-04-13 09:06:58" uid="{3EABFF80-E7CA-4874-AD7E-7F9361D2AFB5}"><Filters><FilterFile hidden="1" not="0" bool="AND" path="%ProgramFilesDir%\Internet Explorer\iexplore.exe" type="VERSION" gte="1" min="10.0.0.0" max="99.0.0.0" lte="0"/></Filters><Properties><Reg id="ProxyOverride" disabled="1" type="REG_SZ" hive="HKEY_CURRENT_USER" key="Software\Microsoft\Windows\CurrentVersion\Internet Settings" name="ProxyOverride" value=";&lt;local&gt;"/><Reg id="ScriptAddress" disabled="1" type="REG_SZ" hive="HKEY_CURRENT_USER" key="Software\Microsoft\Windows\CurrentVersion\Internet Settings" name="AutoConfigURL" value=""/><Reg id="UseProxyServer" type="REG_DWORD" hive="HKEY_CURRENT_USER" key="Software\Microsoft\Windows\CurrentVersion\Internet Settings" name="ProxyEnable" value="1"/><Reg id="ProxyServerAndPort" disabled="1" type="REG_SZ" hive="HKEY_CURRENT_USER" key="Software\Microsoft\Windows\CurrentVersion\Internet Settings" name="ProxyServer" value="10.174.3.254:3128"/><Reg id="AutodetectConfig" type="REG_DWORD" hive="HKEY_CURRENT_USER" key="Software\Microsoft\Windows\CurrentVersion\Internet Settings" name="AutoDetect" value="0"/><Reg id="Homepage" disabled="1" type="REG_SZ" hive="HKEY_CURRENT_USER" key="Software\Microsoft\Internet Explorer\Main" name="Start Page" value=""/><Reg id="SecondaryStartPages" disabled="1" type="REG_MULTI_SZ" hive="HKEY_CURRENT_USER" key="Software\Microsoft\Internet Explorer\Main" name="Secondary Start Pages" value=""/><Reg id="ClearBrowsingHistoryOnExit" type="REG_DWORD" hive="HKEY_CURRENT_USER" key="Software\Microsoft\Internet Explorer\Privacy" name="ClearBrowsingHistoryOnExit" value="0"/><Reg id="StartupOptions" type="REG_DWORD" hive="HKEY_CURRENT_USER" key="Software\Microsoft\Internet Explorer\ContinuousBrowsing" name="Enabled" value="00000001"/><Reg id="EnableAutodial" type="REG_DWORD" hive="HKEY_CURRENT_USER" key="Software\Microsoft\Windows\CurrentVersion\Internet Settings" name="EnableAutodial" value="0"/><Reg id="NoNetAutodial" type="REG_DWORD" hive="HKEY_CURRENT_USER" key="Software\Microsoft\Windows\CurrentVersion\Internet Settings" name="NoNetAutodial" value="0"/></Properties></IE10>
	<IE8 clsid="{683F7AD7-E782-4232-8A6D-F22431F12DB5}" name="Internet Explorer 8 and 9" status="Internet Explorer 8 and 9" changed="2018-04-13 08:34:22" uid="{8EDAD9C2-B670-4C15-8BD6-2F36121FE952}"><Filters><FilterFile hidden="1" not="0" bool="AND" path="%ProgramFilesDir%\Internet Explorer\iexplore.exe" type="VERSION" gte="1" min="8.0.0.0" max="10.0.0.0" lte="0"/></Filters><Properties><Reg id="ProxyOverride" disabled="1" type="REG_SZ" hive="HKEY_CURRENT_USER" key="Software\Microsoft\Windows\CurrentVersion\Internet Settings" name="ProxyOverride" value=";&lt;local&gt;"/><Reg id="ScriptAddress" disabled="1" type="REG_SZ" hive="HKEY_CURRENT_USER" key="Software\Microsoft\Windows\CurrentVersion\Internet Settings" name="AutoConfigURL" value=""/><Reg id="UseProxyServer" type="REG_DWORD" hive="HKEY_CURRENT_USER" key="Software\Microsoft\Windows\CurrentVersion\Internet Settings" name="ProxyEnable" value="1"/><Reg id="ProxyServerAndPort" disabled="1" type="REG_SZ" hive="HKEY_CURRENT_USER" key="Software\Microsoft\Windows\CurrentVersion\Internet Settings" name="ProxyServer" value="10.174.3.254:3128"/><Reg id="Homepage" disabled="1" type="REG_SZ" hive="HKEY_CURRENT_USER" key="Software\Microsoft\Internet Explorer\Main" name="Start Page" value=""/><Reg id="SecondaryStartPages" disabled="1" type="REG_MULTI_SZ" hive="HKEY_CURRENT_USER" key="Software\Microsoft\Internet Explorer\Main" name="Secondary Start Pages" value=""/><Reg id="DefaultInternet" disabled="1" type="REG_SZ" hive="HKEY_CURRENT_USER" key="Software\Microsoft\RAS AutoDial\Default" name="DefaultInternet" value=""/><Reg id="EnableAutodial" type="REG_DWORD" hive="HKEY_CURRENT_USER" key="Software\Microsoft\Windows\CurrentVersion\Internet Settings" name="EnableAutodial" value="1"/><Reg id="NoNetAutodial" type="REG_DWORD" hive="HKEY_CURRENT_USER" key="Software\Microsoft\Windows\CurrentVersion\Internet Settings" name="NoNetAutodial" value="1"/><Reg id="DisableWizard" disabled="1" type="REG_DWORD" hive="HKEY_CURRENT_USER" key="Software\Microsoft\Internet Connection Wizard" name="Completed" value="0"/></Properties></IE8>
</InternetSettings>
