<?xml version="1.0" encoding="utf-8"?>
<RegistrySettings clsid="{A3CCFC41-DFDB-43a5-8D26-0FE8B954DA51}"><Registry clsid="{9CD4B2F4-923D-47f5-A062-E897DD1DAD50}" name="{4a7ded0a-ad25-11d0-98a8-0800361b1103}" status="{4a7ded0a-ad25-11d0-98a8-0800361b1103}" image="2" changed="2019-02-22 14:55:13" uid="{844CABC8-1BFF-45ED-82B6-81957E9D44AE}" desc="Remettre l'onglet emplacement pour les repertoires" bypassErrors="1"><Properties action="U" displayDecimal="1" default="0" hive="HKEY_CLASSES_ROOT" key="Directory\shellex\PropertySheetHandlers\{4a7ded0a-ad25-11d0-98a8-0800361b1103}" name="" type="REG_SZ" value=""/></Registry>
	<Registry clsid="{9CD4B2F4-923D-47f5-A062-E897DD1DAD50}" name="{ef43ecfe-2ab9-4632-bf21-58909dd177f0}" status="{ef43ecfe-2ab9-4632-bf21-58909dd177f0}" image="2" changed="2019-02-22 14:53:45" uid="{3E5D0718-F11F-49DD-BDFA-52134974267F}" desc="Remettre l'onglet personnaliser pour les disques" bypassErrors="1"><Properties action="U" displayDecimal="1" default="0" hive="HKEY_CLASSES_ROOT" key="Drive\shellex\PropertySheetHandlers\{ef43ecfe-2ab9-4632-bf21-58909dd177f0}" name="" type="REG_SZ" value=""/></Registry>
	<Registry clsid="{9CD4B2F4-923D-47f5-A062-E897DD1DAD50}" name="{ef43ecfe-2ab9-4632-bf21-58909dd177f0}" status="{ef43ecfe-2ab9-4632-bf21-58909dd177f0}" image="2" changed="2019-02-22 14:54:43" uid="{1FC85175-C3B6-4D8B-8250-948A288AE70A}" desc="Remettre l'onglet personnaliser pour les repertoires" bypassErrors="1"><Properties action="U" displayDecimal="1" default="0" hive="HKEY_CLASSES_ROOT" key="Directory\shellex\PropertySheetHandlers\{ef43ecfe-2ab9-4632-bf21-58909dd177f0}" name="" type="REG_SZ" value=""/></Registry>
	<Registry clsid="{9CD4B2F4-923D-47f5-A062-E897DD1DAD50}" name="ProxyEnable" status="ProxyEnable" image="12" changed="2018-04-17 08:00:28" uid="{EFB1BD1B-B518-42D1-ABDA-8542B1505ED6}"><Properties action="U" displayDecimal="0" default="0" hive="HKEY_CURRENT_USER" key="Software\Microsoft\Windows\CurrentVersion\Internet Settings" name="ProxyEnable" type="REG_DWORD" value="00000001"/></Registry>
	<Registry clsid="{9CD4B2F4-923D-47f5-A062-E897DD1DAD50}" name="ProxyOverride" status="ProxyOverride" image="7" changed="2020-08-28 14:18:35" uid="{20DEE598-8B8F-4DF2-8B16-3763EA940B5C}"><Properties action="U" displayDecimal="0" default="0" hive="HKEY_CURRENT_USER" key="Software\Microsoft\Windows\CurrentVersion\Internet Settings" name="ProxyOverride" type="REG_SZ" value="*.etab"/></Registry>
	<Registry clsid="{9CD4B2F4-923D-47f5-A062-E897DD1DAD50}" name="ProxyServer" status="ProxyServer" image="7" changed="2020-02-06 15:52:31" uid="{996AA440-55FD-49F4-B020-E9B00E53E7CD}"><Properties action="U" displayDecimal="0" default="0" hive="HKEY_CURRENT_USER" key="Software\Microsoft\Windows\CurrentVersion\Internet Settings" name="ProxyServer" type="REG_SZ" value="amon:3128"/></Registry>
</RegistrySettings>
