<?xml version="1.0" encoding="ISO-8859-15"?>
<!DOCTYPE ficAlimMENESR SYSTEM "ficAlimMENESR.dtd">
<ficAlimMENESR>
<!-- versionAF="AAF-VE1310" -->

<addRequest>
<operationalAttributes><attr name="categoriePersonne"><value>Eleve</value></attr></operationalAttributes>
<identifier><id>14359</id></identifier>
<attributes>
<attr name="ENTPersonJointure"><value>14359</value></attr>
<attr name="ENTEleveStructRattachId"><value>436201</value></attr>
<attr name="ENTPersonDateNaissance"><value>28/11/1914</value></attr>
<attr name="ENTPersonNomPatro"><value>DELACOURT</value></attr>
<attr name="sn"><value>DELACOURT</value></attr>
<attr name="givenName"><value>Albertine</value></attr>
<attr name="ENTPersonAutresPrenoms"><value>Albertine</value><value>Pauline</value></attr>
<attr name="personalTitle"><value>Mme.</value></attr>
<attr name="ENTEleveParents"><value>994885</value><value>994886</value></attr>
<attr name="ENTElevePere"><value>994885</value></attr>
<attr name="ENTEleveMere"><value>994886</value></attr>
<attr name="ENTEleveAutoriteParentale"><value>994885</value><value>994886</value></attr>
<attr name="ENTElevePersRelEleve1"><value/></attr>
<attr name="ENTEleveQualitePersRelEleve1"><value/></attr>
<attr name="ENTElevePersRelEleve2"><value/></attr>
<attr name="ENTEleveQualitePersRelEleve2"><value/></attr>
<attr name="ENTElevePersRelEleve"><value>994885$1$0$2$1$0</value><value>994886$2$1$1$1$0</value></attr>
<attr name="ENTEleveBoursier"><value>O</value></attr>
<attr name="ENTEleveRegime"><value>EXTERNE LIBRE</value></attr>
<attr name="ENTEleveTransport"><value>N</value></attr>
<attr name="ENTEleveStatutEleve"><value>SCOLAIRE</value></attr>
<attr name="ENTEleveMEF"><value>21221118110</value></attr>
<attr name="ENTEleveLibelleMEF"><value>T-STL SC.PHYS.CHIM. EN LABORATOIRE</value></attr>
<attr name="ENTEleveNivFormation"><value>TERMINALE GENERALE &amp; TECHNO YC BT</value></attr>
<attr name="ENTEleveFiliere"><value>TERMINALE TECHNOLOGIQUE</value></attr>
<attr name="ENTEleveEnseignements"><value>PHILOSOPHIE</value><value>CHIMIE, BIOCHIMIE, SCIENCES DU VIVANT</value><value>ENSEIGNEMENT TECHNOLOGIQUE EN LV1</value><value>SCIENCES PHYSIQUES ET CHIMIQUES EN LABO.</value><value>VIE DE CLASSE</value><value>ACCOMPAGNEMENT PERSONNALISE</value><value>ANGLAIS LV1</value><value>EDUCATION PHYSIQUE ET SPORTIVE</value><value>ESPAGNOL LV2</value><value>MATHEMATIQUES</value><value>PHYSIQUE-CHIMIE</value></attr>
<attr name="ENTEleveCodeEnseignements"><value>010300</value><value>308600</value></attr>
<attr name="ENTPersonStructRattach"><value>2516</value></attr>
<attr name="ENTEleveClasses"><value>2516$T STL</value></attr>
<attr name="ENTEleveGroupes"><value/></attr>
</attributes>
</addRequest>

</ficAlimMENESR>
