<?xml version="1.0" encoding="UTF-8"?>
<!DOCTYPE ficAlimMENESR SYSTEM "ficAlimMENESR.dtd">
<ficAlimMENESR>
<!-- versionAF="AAF-VE1302" -->

<addRequest>
<operationalAttributes><attr name="categorieStructure"><value>EtabEducNat</value></attr></operationalAttributes>
<identifier><id>2515</id></identifier>
<attributes>
<attr name="ENTStructureJointure"><value>2515</value></attr>
<attr name="ENTStructureUAI"><value>00000001</value></attr>
<attr name="ENTEtablissementUAI"><value>00000001</value></attr>
<attr name="ENTStructureSIREN"><value>17450234560289</value></attr>
<attr name="ENTStructureNomCourant"><value>D.E.E.E.-DU ac-test</value></attr>
<attr name="ENTStructureTypeStruct"><value>INSPECTIONS ACADEMIQUES</value></attr>
<attr name="ENTEtablissementMinistereTutelle"><value>MINISTERE DE L&apos;EDUCATION NATIONALE</value></attr>
<attr name="ENTEtablissementContrat"><value>PU</value></attr>
<attr name="postOfficeBox"><value>608</value></attr>
<attr name="street"><value>RUE CITE</value></attr>
<attr name="postalCode"><value>18013</value></attr>
<attr name="l"><value>DIJON CEDEX</value></attr>
<attr name="telephoneNumber"><value>+33 211 25 687  00</value></attr>
<attr name="facsimileTelephoneNumber"><value>+33 2 125899 20 01</value></attr>
<attr name="ENTEtablissementStructRattachFctl"><value/></attr>
<attr name="ENTEtablissementBassin"><value>18A18$BASSIN DU TEST</value></attr>
<attr name="ENTServAcAcademie"><value>ac test</value></attr>
<attr name="ENTStructureClasses"><value/></attr>
<attr name="ENTStructureGroupes"><value>4E3_A$$4E3</value><value>4E3_B$$4E3</value></attr>
</attributes>
</addRequest>

</ficAlimMENESR>
