<?xml version="1.0" encoding="UTF-8"?>
<!DOCTYPE ficAlimMENESR SYSTEM "ficAlimMENESR.dtd">
<ficAlimMENESR>
<!-- versionAF="AAF-VE1302" -->

<addRequest>
<operationalAttributes><attr name="categorieMatiere"><value>MatEducNat</value></attr></operationalAttributes>
<identifier><id>308600</id></identifier>
<attributes>
<attr name="ENTMatJointure"><value>308600</value></attr>
<attr name="ENTLibelleMatiere"><value>ANGLAIS</value></attr>
</attributes>
</addRequest>

<addRequest>
<operationalAttributes><attr name="categorieMatiere"><value>MatEducNat</value></attr></operationalAttributes>
<identifier><id>308603</id></identifier>
<attributes>
<attr name="ENTMatJointure"><value>308603</value></attr>
<attr name="ENTLibelleMatiere"><value>ITALIEN</value></attr>
</attributes>
</addRequest>

</ficAlimMENESR>
