<?xml version="1.0" encoding="UTF-8"?>
<!DOCTYPE ficAlimMENESR SYSTEM "ficAlimMENESR.dtd">
<ficAlimMENESR>
<!-- versionAF="AAF-VE1302" -->

<addRequest>
<operationalAttributes><attr name="categoriePersonne"><value>PersEducNat</value></attr></operationalAttributes>
<identifier><id>35</id></identifier>
<attributes>
<attr name="ENTPersonJointure"><value>35</value></attr>
<attr name="ENTPersonDateNaissance"><value>04/09/1985</value></attr>
<attr name="ENTPersonNomPatro"><value>MARTIN</value></attr>
<attr name="sn"><value>DUBLED</value></attr>
<attr name="givenName"><value>JEANNE</value></attr>
<attr name="personalTitle"><value>Mme</value></attr>
<attr name="mail"><value>Jeanne.Dubled@ac-test.fr</value></attr>
<attr name="ENTPersonStructRattach"><value/></attr>
<attr name="ENTAuxEnsCategoDiscipline"><value>00$NON SPECIALISE</value></attr>
<attr name="ENTAuxEnsDisciplinesPoste"><value/></attr>
<attr name="ENTAuxEnsMEF"><value/></attr>
<attr name="ENTAuxEnsMatiereEnseignEtab"><value/></attr>
<attr name="ENTAuxEnsClasses"><value/></attr>
<attr name="ENTAuxEnsGroupes"><value/></attr>
<attr name="ENTAuxEnsClassesMatieres"><value/></attr>
<attr name="ENTAuxEnsGroupesMatieres"><value/></attr>
<attr name="ENTAuxEnsClassesPrincipal"><value/></attr>
<attr name="ENTPersonFonctions"><value>2516$ORI$ORIENTATION$O0040$ORIENTATION</value></attr>
<attr name="PersEducNatPresenceDevantEleves"><value>N</value></attr>
</attributes>
</addRequest>

</ficAlimMENESR>
