<?xml version="1.0" encoding="UTF-8"?>
<!DOCTYPE ficAlimMENESR SYSTEM "ficAlimMENESR.dtd">
<ficAlimMENESR>
<!-- versionAF="AAF-VE1302" -->

<addRequest>
<operationalAttributes><attr name="categoriePersonne"><value>PersEducNat</value></attr></operationalAttributes>
<identifier><id>164</id></identifier>
<attributes>
<attr name="ENTPersonJointure"><value>164</value></attr>
<attr name="ENTPersonDateNaissance"><value>06/01/1918</value></attr>
<attr name="ENTPersonNomPatro"><value>DUPONT</value></attr>
<attr name="sn"><value>DUPONT</value></attr>
<attr name="givenName"><value>Valentine</value></attr>
<attr name="personalTitle"><value>Mme</value></attr>
<attr name="mail"><value>valentine.dupont@ac-test.fr</value></attr>
<attr name="ENTPersonStructRattach"><value>2516</value></attr>
<attr name="ENTAuxEnsCategoDiscipline"><value>04$LANGUES VIVANTES</value></attr>
<attr name="ENTAuxEnsDisciplinesPoste"><value>ANGLAIS$04</value></attr>
<attr name="ENTAuxEnsMEF"><value>2516$10210001110$4EME</value><value>2516$10210001112$4EME SECTION EUROPEENNE</value><value>2516$10110001110$5EME</value><value>2516$10010012110$6EME</value></attr>
<attr name="ENTAuxEnsMatiereEnseignEtab"><value>2516$ANGLAIS LV1</value></attr>
<attr name="ENTAuxEnsClasses"><value>2516$4E3</value><value>2516$5E2</value><value>2516$5E3</value><value>2516$5E4</value><value>2516$6E1</value><value>2516$6E2</value></attr>
<attr name="ENTAuxEnsGroupes"><value>2516$4E3_A</value></attr>
<attr name="ENTAuxEnsClassesMatieres"><value>2516$4E3$308600</value><value>2516$5E2$308600</value><value>2516$5E3$308600</value><value>2516$5E4$308600</value><value>2516$6E1$308600</value><value>2516$6E2$308600</value></attr>
<attr name="ENTAuxEnsGroupesMatieres"><value>2516$4E3_A$308600</value></attr>
<attr name="ENTAuxEnsClassesPrincipal"><value>2516$4E3</value></attr>
<attr name="ENTPersonFonctions"><value>2516$ENS$ENSEIGNEMENT$L0422$ANGLAIS</value></attr>
<attr name="PersEducNatPresenceDevantEleves"><value>O</value></attr>
</attributes>
</addRequest>

</ficAlimMENESR>
