<?xml version="1.0" encoding="UTF-8"?>
<!DOCTYPE ficAlimMENESR SYSTEM "ficAlimMENESR.dtd">
<ficAlimMENESR>
<!-- versionAF="AAF-VE1302" -->

<addRequest>
<operationalAttributes><attr name="categoriePersonne"><value>PersRelEleve</value></attr></operationalAttributes>
<identifier><id>994845</id></identifier>
<attributes>
<attr name="ENTPersonJointure"><value>994845</value></attr>
<attr name="ENTPersonDateNaissance"><value/></attr>
<attr name="ENTPersonNomPatro"><value>DELACOURT</value></attr>
<attr name="sn"><value>DELACOURT</value></attr>
<attr name="givenName"><value>Mathieu</value></attr>
<attr name="personalTitle"><value>M</value></attr>
<attr name="homePhone"><value>+33 0 00 11 22 33</value></attr>
<attr name="telephoneNumber"><value/></attr>
<attr name="ENTPersonAdresse"><value>2 ROUTE DE CHARTRES</value></attr>
<attr name="ENTPersonCodePostal"><value>75000</value></attr>
<attr name="ENTPersonVille"><value>PARIS</value></attr>
<attr name="ENTPersonPays"><value>FRANCE</value></attr>
</attributes>
</addRequest>

<addRequest>
<operationalAttributes><attr name="categoriePersonne"><value>PersRelEleve</value></attr></operationalAttributes>
<identifier><id>994846</id></identifier>
<attributes>
<attr name="ENTPersonJointure"><value>994846</value></attr>
<attr name="ENTPersonDateNaissance"><value/></attr>
<attr name="ENTPersonNomPatro"><value>DELACOURT</value></attr>
<attr name="sn"><value>DELACOURT</value></attr>
<attr name="givenName"><value>Jeanne</value></attr>
<attr name="personalTitle"><value>Mme</value></attr>
<attr name="homePhone"><value>+33 0 00 11 22 34</value></attr>
<attr name="telephoneNumber"><value/></attr>
<attr name="ENTPersonAdresse"><value>2 ROUTE DE CHARTRES</value></attr>
<attr name="ENTPersonCodePostal"><value>75000</value></attr>
<attr name="ENTPersonVille"><value>PARIS</value></attr>
<attr name="ENTPersonPays"><value>FRANCE</value></attr>
</attributes>
</addRequest>

<addRequest>
<operationalAttributes><attr name="categoriePersonne"><value>PersRelEleve</value></attr></operationalAttributes>
<identifier><id>994445</id></identifier>
<attributes>
<attr name="ENTPersonJointure"><value>994445</value></attr>
<attr name="ENTPersonDateNaissance"><value/></attr>
<attr name="ENTPersonNomPatro"><value>DELACOURT</value></attr>
<attr name="sn"><value>DELACOURT</value></attr>
<attr name="givenName"><value>Philippe</value></attr>
<attr name="personalTitle"><value>M</value></attr>
<attr name="homePhone"><value>+33 0 00 11 22 35</value></attr>
<attr name="telephoneNumber"><value/></attr>
<attr name="ENTPersonAdresse"><value>2 ROUTE DE CHARTRES</value></attr>
<attr name="ENTPersonCodePostal"><value>75000</value></attr>
<attr name="ENTPersonVille"><value>PARIS</value></attr>
<attr name="ENTPersonPays"><value>FRANCE</value></attr>
</attributes>
</addRequest>

<addRequest>
<operationalAttributes><attr name="categoriePersonne"><value>PersRelEleve</value></attr></operationalAttributes>
<identifier><id>994446</id></identifier>
<attributes>
<attr name="ENTPersonJointure"><value>994446</value></attr>
<attr name="ENTPersonDateNaissance"><value/></attr>
<attr name="ENTPersonNomPatro"><value>DELACOURT</value></attr>
<attr name="sn"><value>DELACOURT</value></attr>
<attr name="givenName"><value>Lyse</value></attr>
<attr name="personalTitle"><value>Mme</value></attr>
<attr name="homePhone"><value>+33 0 00 11 22 36</value></attr>
<attr name="telephoneNumber"><value/></attr>
<attr name="ENTPersonAdresse"><value>2 ROUTE DE CHARTRES</value></attr>
<attr name="ENTPersonCodePostal"><value>75000</value></attr>
<attr name="ENTPersonVille"><value>PARIS</value></attr>
<attr name="ENTPersonPays"><value>FRANCE</value></attr>
</attributes>
</addRequest>

<addRequest>
<operationalAttributes><attr name="categoriePersonne"><value>PersRelEleve</value></attr></operationalAttributes>
<identifier><id>994885</id></identifier>
<attributes>
<attr name="ENTPersonJointure"><value>994885</value></attr>
<attr name="ENTPersonDateNaissance"><value/></attr>
<attr name="ENTPersonNomPatro"><value>DELACOURT</value></attr>
<attr name="sn"><value>DELACOURT</value></attr>
<attr name="givenName"><value>Mathieu</value></attr>
<attr name="personalTitle"><value>M</value></attr>
<attr name="homePhone"><value>+33 0 00 11 22 37</value></attr>
<attr name="telephoneNumber"><value/></attr>
<attr name="ENTPersonAdresse"><value>2 ROUTE DE CHARTRES</value></attr>
<attr name="ENTPersonCodePostal"><value>75000</value></attr>
<attr name="ENTPersonVille"><value>PARIS</value></attr>
<attr name="ENTPersonPays"><value>FRANCE</value></attr>
</attributes>
</addRequest>

<addRequest>
<operationalAttributes><attr name="categoriePersonne"><value>PersRelEleve</value></attr></operationalAttributes>
<identifier><id>994886</id></identifier>
<attributes>
<attr name="ENTPersonJointure"><value>994886</value></attr>
<attr name="ENTPersonDateNaissance"><value/></attr>
<attr name="ENTPersonNomPatro"><value>DELACOURT</value></attr>
<attr name="sn"><value>DELACOURT</value></attr>
<attr name="givenName"><value>Albertine</value></attr>
<attr name="personalTitle"><value>Mme</value></attr>
<attr name="homePhone"><value>+33 0 00 11 22 38</value></attr>
<attr name="telephoneNumber"><value/></attr>
<attr name="ENTPersonAdresse"><value>2 ROUTE DE CHARTRES</value></attr>
<attr name="ENTPersonCodePostal"><value>75000</value></attr>
<attr name="ENTPersonVille"><value>PARIS</value></attr>
<attr name="ENTPersonPays"><value>FRANCE</value></attr>
</attributes>
</addRequest>

</ficAlimMENESR>
