<?xml version="1.0" encoding="utf-8"?><!-- Copyright (c) Microsoft Corporation.  All rights reserved. --><GroupPolicyBackupScheme bkp:version="2.0" bkp:type="GroupPolicyBackupTemplate" xmlns:bkp="http://www.microsoft.com/GroupPolicy/GPOOperations" xmlns="http://www.microsoft.com/GroupPolicy/GPOOperations">
    <GroupPolicyObject><SecurityGroups><Group><Sid><![CDATA[S-1-5-21-1436701757-2399581611-831833257-512]]></Sid><SamAccountName><![CDATA[Domain Admins]]></SamAccountName><Type><![CDATA[GlobalGroup]]></Type><NetBIOSDomainName><![CDATA[0740036M]]></NetBIOSDomainName><DnsDomainName><![CDATA[0740036m.etab]]></DnsDomainName><UPN><![CDATA[Domain Admins@0740036m.etab]]></UPN></Group><Group bkp:Source="FromDACL"><Sid><![CDATA[S-1-5-21-1436701757-2399581611-831833257-519]]></Sid><SamAccountName><![CDATA[Enterprise Admins]]></SamAccountName><Type><![CDATA[UniversalGroup]]></Type><NetBIOSDomainName><![CDATA[0740036M]]></NetBIOSDomainName><DnsDomainName><![CDATA[0740036m.etab]]></DnsDomainName><UPN><![CDATA[Enterprise Admins@0740036m.etab]]></UPN></Group></SecurityGroups><FilePaths><Path><![CDATA[\\scribe\%username%\perso\Téléchargements]]></Path><Path><![CDATA[\\scribe\%username%\perso\Vidéos]]></Path><Path><![CDATA[\\scribe\%username%\perso\Musique]]></Path><Path><![CDATA[\\scribe\%username%\perso\Images]]></Path><Path><![CDATA[\\scribe\%username%\perso\Documents]]></Path></FilePaths><GroupPolicyCoreSettings><ID><![CDATA[{01B3E15A-7041-4F19-93DF-62379047BA45}]]></ID><Domain><![CDATA[0740036m.etab]]></Domain><SecurityDescriptor>01 00 04 90 00 00 00 00 00 00 00 00 00 00 00 00 14 00 00 00 04 00 ec 00 08 00 00 00 00 02 24 00 ff 00 0f 00 01 05 00 00 00 00 00 05 15 00 00 00 3d 54 a2 55 ab b5 06 8f a9 c4 94 31 00 02 00 00 00 02 24 00 ff 00 0f 00 01 05 00 00 00 00 00 05 15 00 00 00 3d 54 a2 55 ab b5 06 8f a9 c4 94 31 07 02 00 00 00 0a 14 00 ff 00 0f 00 01 01 00 00 00 00 00 03 00 00 00 00 00 00 24 00 ff 00 0f 00 01 05 00 00 00 00 00 05 15 00 00 00 3d 54 a2 55 ab b5 06 8f a9 c4 94 31 00 02 00 00 00 02 14 00 ff 00 0f 00 01 01 00 00 00 00 00 05 12 00 00 00 00 02 14 00 94 00 02 00 01 01 00 00 00 00 00 05 0b 00 00 00 05 02 28 00 00 01 00 00 01 00 00 00 8f fd ac ed b3 ff d1 11 b4 1d 00 a0 c9 68 f9 39 01 01 00 00 00 00 00 05 0b 00 00 00 00 02 14 00 94 00 02 00 01 01 00 00 00 00 00 05 09 00 00 00</SecurityDescriptor><DisplayName><![CDATA[Admin]]></DisplayName><Options><![CDATA[2]]></Options><UserVersionNumber><![CDATA[1376277]]></UserVersionNumber><MachineVersionNumber><![CDATA[65537]]></MachineVersionNumber><MachineExtensionGuids><![CDATA[[{35378EAC-683F-11D2-A89A-00C04FBBCFA2}{D02B1F72-3407-48AE-BA88-E8213C6761F1}]]]></MachineExtensionGuids><UserExtensionGuids><![CDATA[[{00000000-0000-0000-0000-000000000000}{2EA1A81B-48E5-45E9-8BB7-A6E3AC170006}{BEE07A6A-EC9F-4659-B8C9-0B1937907C83}][{25537BA6-77A8-11D2-9B6C-0000F8080861}{88E729D6-BDC1-11D1-BD2A-00C04FB9603F}][{35378EAC-683F-11D2-A89A-00C04FBBCFA2}{D02B1F73-3407-48AE-BA88-E8213C6761F1}][{42B5FAAE-6536-11D2-AE5A-0000F87571E3}{40B66650-4972-11D1-A7CA-0000F87571E3}][{5794DAFD-BE60-433F-88A2-1A31939AC01F}{2EA1A81B-48E5-45E9-8BB7-A6E3AC170006}][{B087BE9D-ED37-454F-AF9C-04291E351182}{BEE07A6A-EC9F-4659-B8C9-0B1937907C83}]]]></UserExtensionGuids><WMIFilter/></GroupPolicyCoreSettings> 
        <GroupPolicyExtension bkp:ID="{35378EAC-683F-11D2-A89A-00C04FBBCFA2}" bkp:DescName="Registry">
            <FSObjectFile bkp:Path="%GPO_MACH_FSPATH%\registry.pol" bkp:SourceExpandedPath="\\addc.0740036m.etab\sysvol\0740036m.etab\Policies\{01B3E15A-7041-4F19-93DF-62379047BA45}\Machine\registry.pol" bkp:Location="DomainSysvol\GPO\Machine\registry.pol"/>
            <FSObjectFile bkp:Path="%GPO_USER_FSPATH%\registry.pol" bkp:SourceExpandedPath="\\addc.0740036m.etab\sysvol\0740036m.etab\Policies\{01B3E15A-7041-4F19-93DF-62379047BA45}\User\registry.pol" bkp:Location="DomainSysvol\GPO\User\registry.pol"/>
            <FSObjectFile bkp:Path="%GPO_FSPATH%\Adm\*.*" bkp:SourceExpandedPath="\\addc.0740036m.etab\sysvol\0740036m.etab\Policies\{01B3E15A-7041-4F19-93DF-62379047BA45}\Adm\*.*"/>
        </GroupPolicyExtension>
        
        <GroupPolicyExtension bkp:ID="{25537BA6-77A8-11D2-9B6C-0000F8080861}" bkp:DescName="Folder Redirection">
            <FSObjectFile bkp:Path="%GPO_USER_FSPATH%\Documents &amp; Settings\*" bkp:SourceExpandedPath="\\addc.0740036m.etab\sysvol\0740036m.etab\Policies\{01B3E15A-7041-4F19-93DF-62379047BA45}\User\Documents &amp; Settings\*" bkp:ReEvaluateFunction="FRValidateSettings"><FSObjectFile bkp:Path="%GPO_USER_FSPATH%\Documents &amp; Settings\fdeploy1.ini" bkp:SourceExpandedPath="\\addc.0740036m.etab\sysvol\0740036m.etab\Policies\{01B3E15A-7041-4F19-93DF-62379047BA45}\User\Documents &amp; Settings\fdeploy1.ini" bkp:Location="DomainSysvol\GPO\User\Documents &amp; Settings\fdeploy1.ini"/><FSObjectFile bkp:Path="%GPO_USER_FSPATH%\Documents &amp; Settings\fdeploy.ini" bkp:SourceExpandedPath="\\addc.0740036m.etab\sysvol\0740036m.etab\Policies\{01B3E15A-7041-4F19-93DF-62379047BA45}\User\Documents &amp; Settings\fdeploy.ini" bkp:Location="DomainSysvol\GPO\User\Documents &amp; Settings\fdeploy.ini"/></FSObjectFile>
        </GroupPolicyExtension>
        <GroupPolicyExtension bkp:ID="{42B5FAAE-6536-11d2-AE5A-0000F87571E3}" bkp:DescName="Scripts">
            
	    
            <FSObjectDir bkp:Path="%GPO_MACH_FSPATH%\Scripts\Startup\*" bkp:SourceExpandedPath="\\addc.0740036m.etab\sysvol\0740036m.etab\Policies\{01B3E15A-7041-4F19-93DF-62379047BA45}\Machine\Scripts\Startup\*"><FSObjectDir bkp:Path="%GPO_MACH_FSPATH%\Scripts\Startup" bkp:SourceExpandedPath="\\addc.0740036m.etab\sysvol\0740036m.etab\Policies\{01B3E15A-7041-4F19-93DF-62379047BA45}\Machine\Scripts\Startup" bkp:Location="DomainSysvol\GPO\Machine\Scripts\Startup"/></FSObjectDir>
            <FSObjectFile bkp:Path="%GPO_MACH_FSPATH%\Scripts\Startup\*" bkp:SourceExpandedPath="\\addc.0740036m.etab\sysvol\0740036m.etab\Policies\{01B3E15A-7041-4F19-93DF-62379047BA45}\Machine\Scripts\Startup\*"/>
            <FSObjectDir bkp:Path="%GPO_MACH_FSPATH%\Scripts\Shutdown\*" bkp:SourceExpandedPath="\\addc.0740036m.etab\sysvol\0740036m.etab\Policies\{01B3E15A-7041-4F19-93DF-62379047BA45}\Machine\Scripts\Shutdown\*"><FSObjectDir bkp:Path="%GPO_MACH_FSPATH%\Scripts\Shutdown" bkp:SourceExpandedPath="\\addc.0740036m.etab\sysvol\0740036m.etab\Policies\{01B3E15A-7041-4F19-93DF-62379047BA45}\Machine\Scripts\Shutdown" bkp:Location="DomainSysvol\GPO\Machine\Scripts\Shutdown"/></FSObjectDir>
            <FSObjectFile bkp:Path="%GPO_MACH_FSPATH%\Scripts\Shutdown\*" bkp:SourceExpandedPath="\\addc.0740036m.etab\sysvol\0740036m.etab\Policies\{01B3E15A-7041-4F19-93DF-62379047BA45}\Machine\Scripts\Shutdown\*"/>
            <FSObjectFile bkp:Path="%GPO_USER_FSPATH%\Scripts\scripts.ini" bkp:SourceExpandedPath="\\addc.0740036m.etab\sysvol\0740036m.etab\Policies\{01B3E15A-7041-4F19-93DF-62379047BA45}\User\Scripts\scripts.ini" bkp:ReEvaluateFunction="ScriptsValidatePaths" bkp:Location="DomainSysvol\GPO\User\Scripts\scripts.ini"/>
	    
            <FSObjectDir bkp:Path="%GPO_USER_FSPATH%\Scripts\Logon\*" bkp:SourceExpandedPath="\\addc.0740036m.etab\sysvol\0740036m.etab\Policies\{01B3E15A-7041-4F19-93DF-62379047BA45}\User\Scripts\Logon\*"><FSObjectDir bkp:Path="%GPO_USER_FSPATH%\Scripts\Logon" bkp:SourceExpandedPath="\\addc.0740036m.etab\sysvol\0740036m.etab\Policies\{01B3E15A-7041-4F19-93DF-62379047BA45}\User\Scripts\Logon" bkp:Location="DomainSysvol\GPO\User\Scripts\Logon"/></FSObjectDir>
            <FSObjectFile bkp:Path="%GPO_USER_FSPATH%\Scripts\Logon\*" bkp:SourceExpandedPath="\\addc.0740036m.etab\sysvol\0740036m.etab\Policies\{01B3E15A-7041-4F19-93DF-62379047BA45}\User\Scripts\Logon\*"/>
            <FSObjectDir bkp:Path="%GPO_USER_FSPATH%\Scripts\Logoff\*" bkp:SourceExpandedPath="\\addc.0740036m.etab\sysvol\0740036m.etab\Policies\{01B3E15A-7041-4F19-93DF-62379047BA45}\User\Scripts\Logoff\*"><FSObjectDir bkp:Path="%GPO_USER_FSPATH%\Scripts\Logoff" bkp:SourceExpandedPath="\\addc.0740036m.etab\sysvol\0740036m.etab\Policies\{01B3E15A-7041-4F19-93DF-62379047BA45}\User\Scripts\Logoff" bkp:Location="DomainSysvol\GPO\User\Scripts\Logoff"/></FSObjectDir>
            <FSObjectFile bkp:Path="%GPO_USER_FSPATH%\Scripts\Logoff\*" bkp:SourceExpandedPath="\\addc.0740036m.etab\sysvol\0740036m.etab\Policies\{01B3E15A-7041-4F19-93DF-62379047BA45}\User\Scripts\Logoff\*"><FSObjectFile bkp:Path="%GPO_USER_FSPATH%\Scripts\Logoff\del_fondecran.bat" bkp:SourceExpandedPath="\\addc.0740036m.etab\sysvol\0740036m.etab\Policies\{01B3E15A-7041-4F19-93DF-62379047BA45}\User\Scripts\Logoff\del_fondecran.bat" bkp:Location="DomainSysvol\GPO\User\Scripts\Logoff\del_fondecran.bat"/></FSObjectFile>
        </GroupPolicyExtension>
        
        
        
        
        
        
    <GroupPolicyExtension bkp:ID="{F15C46CD-82A0-4C2D-A210-5D0D3182A418}" bkp:DescName="Unknown Extension"><FSObjectDir bkp:Path="%GPO_FSPATH%\Adm" bkp:SourceExpandedPath="\\addc.0740036m.etab\sysvol\0740036m.etab\Policies\{01B3E15A-7041-4F19-93DF-62379047BA45}\Adm" bkp:Location="DomainSysvol\GPO\Adm"/><FSObjectFile bkp:Path="%GPO_FSPATH%\GPO.cmt" bkp:SourceExpandedPath="\\addc.0740036m.etab\sysvol\0740036m.etab\Policies\{01B3E15A-7041-4F19-93DF-62379047BA45}\GPO.cmt" bkp:Location="DomainSysvol\GPO\GPO.cmt"/><FSObjectFile bkp:Path="%GPO_MACH_FSPATH%\comment.cmtx" bkp:SourceExpandedPath="\\addc.0740036m.etab\sysvol\0740036m.etab\Policies\{01B3E15A-7041-4F19-93DF-62379047BA45}\Machine\comment.cmtx" bkp:Location="DomainSysvol\GPO\Machine\comment.cmtx"/><FSObjectDir bkp:Path="%GPO_MACH_FSPATH%\Scripts" bkp:SourceExpandedPath="\\addc.0740036m.etab\sysvol\0740036m.etab\Policies\{01B3E15A-7041-4F19-93DF-62379047BA45}\Machine\Scripts" bkp:Location="DomainSysvol\GPO\Machine\Scripts"/><FSObjectFile bkp:Path="%GPO_USER_FSPATH%\comment.cmtx" bkp:SourceExpandedPath="\\addc.0740036m.etab\sysvol\0740036m.etab\Policies\{01B3E15A-7041-4F19-93DF-62379047BA45}\User\comment.cmtx" bkp:Location="DomainSysvol\GPO\User\comment.cmtx"/><FSObjectDir bkp:Path="%GPO_USER_FSPATH%\Documents &amp; Settings" bkp:SourceExpandedPath="\\addc.0740036m.etab\sysvol\0740036m.etab\Policies\{01B3E15A-7041-4F19-93DF-62379047BA45}\User\Documents &amp; Settings" bkp:Location="DomainSysvol\GPO\User\Documents &amp; Settings"/><FSObjectDir bkp:Path="%GPO_USER_FSPATH%\Preferences" bkp:SourceExpandedPath="\\addc.0740036m.etab\sysvol\0740036m.etab\Policies\{01B3E15A-7041-4F19-93DF-62379047BA45}\User\Preferences" bkp:Location="DomainSysvol\GPO\User\Preferences"/><FSObjectDir bkp:Path="%GPO_USER_FSPATH%\Preferences\Drives" bkp:SourceExpandedPath="\\addc.0740036m.etab\sysvol\0740036m.etab\Policies\{01B3E15A-7041-4F19-93DF-62379047BA45}\User\Preferences\Drives" bkp:Location="DomainSysvol\GPO\User\Preferences\Drives"/><FSObjectFile bkp:Path="%GPO_USER_FSPATH%\Preferences\Drives\Drives.xml" bkp:SourceExpandedPath="\\addc.0740036m.etab\sysvol\0740036m.etab\Policies\{01B3E15A-7041-4F19-93DF-62379047BA45}\User\Preferences\Drives\Drives.xml" bkp:Location="DomainSysvol\GPO\User\Preferences\Drives\Drives.xml"/><FSObjectDir bkp:Path="%GPO_USER_FSPATH%\Preferences\Registry" bkp:SourceExpandedPath="\\addc.0740036m.etab\sysvol\0740036m.etab\Policies\{01B3E15A-7041-4F19-93DF-62379047BA45}\User\Preferences\Registry" bkp:Location="DomainSysvol\GPO\User\Preferences\Registry"/><FSObjectFile bkp:Path="%GPO_USER_FSPATH%\Preferences\Registry\Registry.xml" bkp:SourceExpandedPath="\\addc.0740036m.etab\sysvol\0740036m.etab\Policies\{01B3E15A-7041-4F19-93DF-62379047BA45}\User\Preferences\Registry\Registry.xml" bkp:Location="DomainSysvol\GPO\User\Preferences\Registry\Registry.xml"/><FSObjectDir bkp:Path="%GPO_USER_FSPATH%\Scripts" bkp:SourceExpandedPath="\\addc.0740036m.etab\sysvol\0740036m.etab\Policies\{01B3E15A-7041-4F19-93DF-62379047BA45}\User\Scripts" bkp:Location="DomainSysvol\GPO\User\Scripts"/></GroupPolicyExtension></GroupPolicyObject>
</GroupPolicyBackupScheme>