<BackupInst xmlns="http://www.microsoft.com/GroupPolicy/GPOOperations/Manifest"><GPOGuid><![CDATA[{01B3E15A-7041-4F19-93DF-62379047BA45}]]></GPOGuid><GPODomain><![CDATA[0740036m.etab]]></GPODomain><GPODomainGuid><![CDATA[{79f77016-556a-4653-a9bd-060c275f2c92}]]></GPODomainGuid><GPODomainController><![CDATA[addc.0740036m.etab]]></GPODomainController><BackupTime><![CDATA[2020-10-13T09:23:13]]></BackupTime><ID><![CDATA[{C293F4EC-A443-4E4C-9B0B-A7C956A567E0}]]></ID><Comment><![CDATA[]]></Comment><GPODisplayName><![CDATA[Admin]]></GPODisplayName></BackupInst>
