<Backups xmlns="http://www.microsoft.com/GroupPolicy/GPOOperations/Manifest" xmlns:mfst="http://www.microsoft.com/GroupPolicy/GPOOperations/Manifest" mfst:version="1.0"><BackupInst><GPOGuid><![CDATA[{DF7FBA00-30FC-4003-814B-E4E1F13191BD}]]></GPOGuid><GPODomain><![CDATA[0740036m.etab]]></GPODomain><GPODomainGuid><![CDATA[{79f77016-556a-4653-a9bd-060c275f2c92}]]></GPODomainGuid><GPODomainController><![CDATA[addc.0740036m.etab]]></GPODomainController><BackupTime><![CDATA[2020-10-13T09:24:17]]></BackupTime><ID><![CDATA[{3EA26C34-86E2-41BB-A172-D21FC24579B0}]]></ID><Comment><![CDATA[]]></Comment><GPODisplayName><![CDATA[Cdi]]></GPODisplayName></BackupInst></Backups>