<?xml version="1.0" encoding="utf-8"?><!-- Copyright (c) Microsoft Corporation.  All rights reserved. --><GroupPolicyBackupScheme bkp:version="2.0" bkp:type="GroupPolicyBackupTemplate" xmlns:bkp="http://www.microsoft.com/GroupPolicy/GPOOperations" xmlns="http://www.microsoft.com/GroupPolicy/GPOOperations">
    <GroupPolicyObject><SecurityGroups><Group bkp:Source="FromDACL"><Sid><![CDATA[S-1-5-21-1436701757-2399581611-831833257-512]]></Sid><SamAccountName><![CDATA[Domain Admins]]></SamAccountName><Type><![CDATA[GlobalGroup]]></Type><NetBIOSDomainName><![CDATA[0740036M]]></NetBIOSDomainName><DnsDomainName><![CDATA[0740036m.etab]]></DnsDomainName><UPN><![CDATA[Domain Admins@0740036m.etab]]></UPN></Group><Group bkp:Source="FromDACL"><Sid><![CDATA[S-1-5-21-1436701757-2399581611-831833257-519]]></Sid><SamAccountName><![CDATA[Enterprise Admins]]></SamAccountName><Type><![CDATA[UniversalGroup]]></Type><NetBIOSDomainName><![CDATA[0740036M]]></NetBIOSDomainName><DnsDomainName><![CDATA[0740036m.etab]]></DnsDomainName><UPN><![CDATA[Enterprise Admins@0740036m.etab]]></UPN></Group><Group><Sid><![CDATA[S-1-5-21-1436701757-2399581611-831833257-1106]]></Sid><SamAccountName><![CDATA[eleves]]></SamAccountName><Type><![CDATA[GlobalGroup]]></Type><NetBIOSDomainName><![CDATA[0740036M]]></NetBIOSDomainName><DnsDomainName><![CDATA[0740036m.etab]]></DnsDomainName><UPN><![CDATA[eleves@0740036m.etab]]></UPN></Group><Group><Sid><![CDATA[S-1-5-21-1436701757-2399581611-831833257-1107]]></Sid><SamAccountName><![CDATA[professeurs]]></SamAccountName><Type><![CDATA[GlobalGroup]]></Type><NetBIOSDomainName><![CDATA[0740036M]]></NetBIOSDomainName><DnsDomainName><![CDATA[0740036m.etab]]></DnsDomainName><UPN><![CDATA[professeurs@0740036m.etab]]></UPN></Group></SecurityGroups><FilePaths><Path><![CDATA[\\scribe\icones$\cdi\eleves\Bureau]]></Path><Path><![CDATA[\\scribe\icones$\cdi\professeurs\Bureau]]></Path></FilePaths><GroupPolicyCoreSettings><ID><![CDATA[{DF7FBA00-30FC-4003-814B-E4E1F13191BD}]]></ID><Domain><![CDATA[0740036m.etab]]></Domain><SecurityDescriptor>01 00 04 90 00 00 00 00 00 00 00 00 00 00 00 00 14 00 00 00 04 00 ec 00 08 00 00 00 00 02 24 00 ff 00 0f 00 01 05 00 00 00 00 00 05 15 00 00 00 3d 54 a2 55 ab b5 06 8f a9 c4 94 31 00 02 00 00 00 02 24 00 ff 00 0f 00 01 05 00 00 00 00 00 05 15 00 00 00 3d 54 a2 55 ab b5 06 8f a9 c4 94 31 07 02 00 00 00 0a 14 00 ff 00 0f 00 01 01 00 00 00 00 00 03 00 00 00 00 00 00 24 00 ff 00 0f 00 01 05 00 00 00 00 00 05 15 00 00 00 3d 54 a2 55 ab b5 06 8f a9 c4 94 31 00 02 00 00 00 02 14 00 ff 00 0f 00 01 01 00 00 00 00 00 05 12 00 00 00 00 02 14 00 94 00 02 00 01 01 00 00 00 00 00 05 0b 00 00 00 05 02 28 00 00 01 00 00 01 00 00 00 8f fd ac ed b3 ff d1 11 b4 1d 00 a0 c9 68 f9 39 01 01 00 00 00 00 00 05 0b 00 00 00 00 02 14 00 94 00 02 00 01 01 00 00 00 00 00 05 09 00 00 00</SecurityDescriptor><DisplayName><![CDATA[Cdi]]></DisplayName><Options><![CDATA[2]]></Options><UserVersionNumber><![CDATA[131074]]></UserVersionNumber><MachineVersionNumber><![CDATA[65537]]></MachineVersionNumber><MachineExtensionGuids><![CDATA[[{35378EAC-683F-11D2-A89A-00C04FBBCFA2}{D02B1F72-3407-48AE-BA88-E8213C6761F1}]]]></MachineExtensionGuids><UserExtensionGuids><![CDATA[[{25537BA6-77A8-11D2-9B6C-0000F8080861}{88E729D6-BDC1-11D1-BD2A-00C04FB9603F}]]]></UserExtensionGuids><WMIFilter/></GroupPolicyCoreSettings> 
        <GroupPolicyExtension bkp:ID="{35378EAC-683F-11D2-A89A-00C04FBBCFA2}" bkp:DescName="Registry">
            <FSObjectFile bkp:Path="%GPO_MACH_FSPATH%\registry.pol" bkp:SourceExpandedPath="\\addc.0740036m.etab\sysvol\0740036m.etab\Policies\{DF7FBA00-30FC-4003-814B-E4E1F13191BD}\Machine\registry.pol" bkp:Location="DomainSysvol\GPO\Machine\registry.pol"/>
            
            <FSObjectFile bkp:Path="%GPO_FSPATH%\Adm\*.*" bkp:SourceExpandedPath="\\addc.0740036m.etab\sysvol\0740036m.etab\Policies\{DF7FBA00-30FC-4003-814B-E4E1F13191BD}\Adm\*.*"/>
        </GroupPolicyExtension>
        
        <GroupPolicyExtension bkp:ID="{25537BA6-77A8-11D2-9B6C-0000F8080861}" bkp:DescName="Folder Redirection">
            <FSObjectFile bkp:Path="%GPO_USER_FSPATH%\Documents &amp; Settings\*" bkp:SourceExpandedPath="\\addc.0740036m.etab\sysvol\0740036m.etab\Policies\{DF7FBA00-30FC-4003-814B-E4E1F13191BD}\User\Documents &amp; Settings\*" bkp:ReEvaluateFunction="FRValidateSettings"><FSObjectFile bkp:Path="%GPO_USER_FSPATH%\Documents &amp; Settings\fdeploy1.ini" bkp:SourceExpandedPath="\\addc.0740036m.etab\sysvol\0740036m.etab\Policies\{DF7FBA00-30FC-4003-814B-E4E1F13191BD}\User\Documents &amp; Settings\fdeploy1.ini" bkp:Location="DomainSysvol\GPO\User\Documents &amp; Settings\fdeploy1.ini"/><FSObjectFile bkp:Path="%GPO_USER_FSPATH%\Documents &amp; Settings\fdeploy.ini" bkp:SourceExpandedPath="\\addc.0740036m.etab\sysvol\0740036m.etab\Policies\{DF7FBA00-30FC-4003-814B-E4E1F13191BD}\User\Documents &amp; Settings\fdeploy.ini" bkp:Location="DomainSysvol\GPO\User\Documents &amp; Settings\fdeploy.ini"/></FSObjectFile>
        </GroupPolicyExtension>
        
        
        
        
        
        
        
    <GroupPolicyExtension bkp:ID="{F15C46CD-82A0-4C2D-A210-5D0D3182A418}" bkp:DescName="Unknown Extension"><FSObjectFile bkp:Path="%GPO_MACH_FSPATH%\comment.cmtx" bkp:SourceExpandedPath="\\addc.0740036m.etab\sysvol\0740036m.etab\Policies\{DF7FBA00-30FC-4003-814B-E4E1F13191BD}\Machine\comment.cmtx" bkp:Location="DomainSysvol\GPO\Machine\comment.cmtx"/><FSObjectDir bkp:Path="%GPO_MACH_FSPATH%\Scripts" bkp:SourceExpandedPath="\\addc.0740036m.etab\sysvol\0740036m.etab\Policies\{DF7FBA00-30FC-4003-814B-E4E1F13191BD}\Machine\Scripts" bkp:Location="DomainSysvol\GPO\Machine\Scripts"/><FSObjectDir bkp:Path="%GPO_MACH_FSPATH%\Scripts\Shutdown" bkp:SourceExpandedPath="\\addc.0740036m.etab\sysvol\0740036m.etab\Policies\{DF7FBA00-30FC-4003-814B-E4E1F13191BD}\Machine\Scripts\Shutdown" bkp:Location="DomainSysvol\GPO\Machine\Scripts\Shutdown"/><FSObjectDir bkp:Path="%GPO_MACH_FSPATH%\Scripts\Startup" bkp:SourceExpandedPath="\\addc.0740036m.etab\sysvol\0740036m.etab\Policies\{DF7FBA00-30FC-4003-814B-E4E1F13191BD}\Machine\Scripts\Startup" bkp:Location="DomainSysvol\GPO\Machine\Scripts\Startup"/><FSObjectDir bkp:Path="%GPO_USER_FSPATH%\Documents &amp; Settings" bkp:SourceExpandedPath="\\addc.0740036m.etab\sysvol\0740036m.etab\Policies\{DF7FBA00-30FC-4003-814B-E4E1F13191BD}\User\Documents &amp; Settings" bkp:Location="DomainSysvol\GPO\User\Documents &amp; Settings"/><FSObjectDir bkp:Path="%GPO_USER_FSPATH%\Scripts" bkp:SourceExpandedPath="\\addc.0740036m.etab\sysvol\0740036m.etab\Policies\{DF7FBA00-30FC-4003-814B-E4E1F13191BD}\User\Scripts" bkp:Location="DomainSysvol\GPO\User\Scripts"/><FSObjectDir bkp:Path="%GPO_USER_FSPATH%\Scripts\Logoff" bkp:SourceExpandedPath="\\addc.0740036m.etab\sysvol\0740036m.etab\Policies\{DF7FBA00-30FC-4003-814B-E4E1F13191BD}\User\Scripts\Logoff" bkp:Location="DomainSysvol\GPO\User\Scripts\Logoff"/><FSObjectDir bkp:Path="%GPO_USER_FSPATH%\Scripts\Logon" bkp:SourceExpandedPath="\\addc.0740036m.etab\sysvol\0740036m.etab\Policies\{DF7FBA00-30FC-4003-814B-E4E1F13191BD}\User\Scripts\Logon" bkp:Location="DomainSysvol\GPO\User\Scripts\Logon"/></GroupPolicyExtension></GroupPolicyObject>
</GroupPolicyBackupScheme>