﻿<?xml version="1.0" encoding="utf-8"?>

<helpItems xmlns="http://msh" schema="maml">

<command:command xmlns:maml="http://schemas.microsoft.com/maml/2004/10" xmlns:command="http://schemas.microsoft.com/maml/dev/command/2004/10" xmlns:dev="http://schemas.microsoft.com/maml/dev/2004/10">
<!--Generated by Help Cmdlet Editor-->
	<command:details>
		<command:name>Get-SDMGPOVersion</command:name>
		<maml:description>
			<maml:para></maml:para>
		</maml:description>
		<maml:copyright>
           <maml:para />
		<!--Add copy right info here.-->
		</maml:copyright>
		<command:verb>Get</command:verb>
		<command:noun>SDMGPOVersion</command:noun>
		<!--Add Dev version info here.-->
		<dev:version />
	</command:details>
	<maml:description>
	<!--This is the Description section-->
		<maml:para></maml:para>
	</maml:description>
	<command:syntax>		<command:syntaxItem>
			<maml:name>Get-SDMGPOVersion</maml:name>
			<command:parameter required = "false" variableLength = "false" globbing = "false" pipelineInput = "true (ByValue, ByPropertyName)" position = "1" >
				<maml:name>Name</maml:name>
				<maml:description>
					<maml:para>The Name parameter is optional and positional, and takes input from the pipeline. It represents the GPO friendly name that you wish to retrieve GPO version information on. If this parameter is omitted, then all GPOs in the domain are retrieved.</maml:para>
				</maml:description>
			<command:parameterValue required="true" variableLength = "false" >String</command:parameterValue>
			</command:parameter>
			<command:parameter required = "false" variableLength = "false" globbing = "false" pipelineInput = "false" position = "named" >
				<maml:name>DomainName</maml:name>
				<maml:description>
					<maml:para>This optional parameter lets you specify the DNS domain name of the an AD domain other than the current one where this cmdlet is running. If you specify another domain, you must have the permissions to read GPOs within that domain.</maml:para>
				</maml:description>
			<command:parameterValue required="true" variableLength = "false" >String</command:parameterValue>
			</command:parameter>
			<command:parameter required = "false" variableLength = "false" globbing = "false" pipelineInput = "false" position = "named" >
				<maml:name>DCName</maml:name>
				<maml:description>
					<maml:para>This optional parameter lets you specify which Domain Controller you wish to query GPO version information on. By default, if this parameter is not used, then the PDC role-holder DC will be used.</maml:para>
				</maml:description>
			<command:parameterValue required="true" variableLength = "false" >String</command:parameterValue>
			</command:parameter>
			<command:parameter required = "false" variableLength = "false" globbing = "false" pipelineInput = "false" position = "named" >
				<maml:name>DiffsOnly</maml:name>
				<maml:description>
					<maml:para>This optional switch parameter lets you specify whether you want the cmdlet to return only GPOs that have a difference between AD &amp; SYSVOL versions. </maml:para>
				</maml:description>
			</command:parameter>
		</command:syntaxItem>
	</command:syntax>
	<command:parameters>
		<command:parameter required="false" variableLength="false" globbing="false" pipelineInput="true (ByValue, ByPropertyName)" position="1">
			<maml:name>Name</maml:name>
			<maml:description>
				<maml:para>The Name parameter is optional and positional, and takes input from the pipeline. It represents the GPO friendly name that you wish to retrieve GPO version information on. If this parameter is omitted, then all GPOs in the domain are retrieved.</maml:para>
			</maml:description>
			<command:parameterValue required="true" variableLength="false">String</command:parameterValue>
			<dev:type>
				<maml:name>String</maml:name>
				<maml:uri/>
			</dev:type>
			<dev:defaultValue></dev:defaultValue>
		</command:parameter>
		<command:parameter required="false" variableLength="false" globbing="false" pipelineInput="false" position="named">
			<maml:name>DomainName</maml:name>
			<maml:description>
				<maml:para>This optional parameter lets you specify the DNS domain name of the an AD domain other than the current one where this cmdlet is running. If you specify another domain, you must have the permissions to read GPOs within that domain.</maml:para>
			</maml:description>
			<command:parameterValue required="true" variableLength="false">String</command:parameterValue>
			<dev:type>
				<maml:name>String</maml:name>
				<maml:uri/>
			</dev:type>
			<dev:defaultValue></dev:defaultValue>
		</command:parameter>
		<command:parameter required="false" variableLength="false" globbing="false" pipelineInput="false" position="named">
			<maml:name>DCName</maml:name>
			<maml:description>
				<maml:para>This optional parameter lets you specify which Domain Controller you wish to query GPO version information on. By default, if this parameter is not used, then the PDC role-holder DC will be used.</maml:para>
			</maml:description>
			<command:parameterValue required="true" variableLength="false">String</command:parameterValue>
			<dev:type>
				<maml:name>String</maml:name>
				<maml:uri/>
			</dev:type>
			<dev:defaultValue></dev:defaultValue>
		</command:parameter>
		<command:parameter required="false" variableLength="false" globbing="false" pipelineInput="false" position="named">
			<maml:name>DiffsOnly</maml:name>
			<maml:description>
				<maml:para>This optional switch parameter lets you specify whether you want the cmdlet to return only GPOs that have a difference between AD &amp; SYSVOL versions. </maml:para>
			</maml:description>
			<dev:type>
				<maml:name>SwitchParameter</maml:name>
				<maml:uri/>
			</dev:type>
			<dev:defaultValue></dev:defaultValue>
		</command:parameter>
	</command:parameters>
	<command:inputTypes>
		<command:inputType>
			<dev:type>
				<maml:name></maml:name>
				<maml:uri/>
				<maml:description>
					<maml:para></maml:para>
				</maml:description>
			</dev:type>
			<maml:description></maml:description>
		</command:inputType>
	</command:inputTypes>
	<command:returnValues>
		<command:returnValue>
			<dev:type>
				<maml:name></maml:name>
				<maml:uri />
				<maml:description>
					<maml:para></maml:para>
				</maml:description>
			</dev:type>
			<maml:description></maml:description>
		</command:returnValue>
	</command:returnValues>
	<command:terminatingErrors>
	</command:terminatingErrors>
	<command:nonTerminatingErrors>
	</command:nonTerminatingErrors>
	<maml:alertSet>
		<maml:title></maml:title>
		<maml:alert>
			<maml:para></maml:para>
		</maml:alert>
	</maml:alertSet>
	<command:examples>
		<command:example>
			<maml:title>
--------------  Example 1 --------------			</maml:title>
			<maml:introduction>
				<maml:para>C:\PS&gt;</maml:para>
C:\PS&gt;			</maml:introduction>
  			<dev:code>get-SDMGPOVersion &quot;Default Domain Policy&quot; </dev:code>
  			<dev:remarks>
				<maml:para>Retrieves the AD &amp; SYSVOL versions from the &quot;Default Domain Policy&quot; GPO on the PDC emulator DC in the current domain	</maml:para>
				<maml:para></maml:para>
				<maml:para></maml:para>
				<maml:para>
				</maml:para>
				<maml:para></maml:para>
  			</dev:remarks>
			<command:commandLines>
				<command:commandLine>
					<command:commandText>
					</command:commandText>
				</command:commandLine>
			</command:commandLines>
		</command:example>
		<command:example>
			<maml:title>
--------------  Example 2 --------------			</maml:title>
			<maml:introduction>
				<maml:para>C:\PS&gt;</maml:para>
C:\PS&gt;			</maml:introduction>
  			<dev:code>get-SDMGPOVersion -DCName &quot;sdm1&quot;</dev:code>
  			<dev:remarks>
				<maml:para>This command returns GPO version information for all GPOs on the domain controller called SDM1</maml:para>
				<maml:para></maml:para>
				<maml:para></maml:para>
				<maml:para>
				</maml:para>
				<maml:para></maml:para>
  			</dev:remarks>
			<command:commandLines>
				<command:commandLine>
					<command:commandText>
					</command:commandText>
				</command:commandLine>
			</command:commandLines>
		</command:example>
		<command:example>
			<maml:title>
--------------  Example 3 --------------			</maml:title>
			<maml:introduction>
				<maml:para>C:\PS&gt;</maml:para>
C:\PS&gt;			</maml:introduction>
  			<dev:code>get-SDMGPOVersion -DiffsOnly</dev:code>
  			<dev:remarks>
				<maml:para>This command returns any GPOs whose AD &amp; SYSVOL versions are different on the PDC emulator DC.</maml:para>
				<maml:para></maml:para>
				<maml:para></maml:para>
				<maml:para>
				</maml:para>
				<maml:para></maml:para>
  			</dev:remarks>
			<command:commandLines>
				<command:commandLine>
					<command:commandText>
					</command:commandText>
				</command:commandLine>
			</command:commandLines>
		</command:example>
	</command:examples>
	<maml:relatedLinks>
		<maml:navigationLink>
			<maml:linkText>http://www.sdmsoftware.com/freeware</maml:linkText>
			<maml:uri/>
		</maml:navigationLink>
	</maml:relatedLinks>
</command:command>
<command:command xmlns:maml="http://schemas.microsoft.com/maml/2004/10" xmlns:command="http://schemas.microsoft.com/maml/dev/command/2004/10" xmlns:dev="http://schemas.microsoft.com/maml/dev/2004/10">
<!--Generated by Help Cmdlet Editor-->
	<command:details>
		<command:name>Invoke-SDMTouchGPO</command:name>
		<maml:description>
			<maml:para>Increments a GPO version to trigger clients to think something has changed</maml:para>
		</maml:description>
		<maml:copyright>
           <maml:para />
		<!--Add copy right info here.-->
		</maml:copyright>
		<command:verb>Invoke</command:verb>
		<command:noun>SDMTouchGPO</command:noun>
		<!--Add Dev version info here.-->
		<dev:version />
	</command:details>
	<maml:description>
	<!--This is the Description section-->
		<maml:para>This cmdlet increments the version number of either the computer or user &quot;side&quot; (or both) of a GPO. This incrementing process will force clients to think something has changed in their GPOs and thus will cause them to reprocess this GPO's settings (and possibly other's).</maml:para>
	</maml:description>
	<command:syntax>		<command:syntaxItem>
			<maml:name>Invoke-SDMTouchGPO</maml:name>
			<command:parameter required = "true" variableLength = "false" globbing = "false" pipelineInput = "true (ByValue, ByPropertyName)" position = "1" >
				<maml:name>Name</maml:name>
				<maml:description>
					<maml:para>The Name parameter is mandatory and positional, and takes input from the pipeline. It represents the GPO friendly name that you wish to touch.</maml:para>
				</maml:description>
			<command:parameterValue required="true" variableLength = "false" >String</command:parameterValue>
			</command:parameter>
			<command:parameter required = "false" variableLength = "false" globbing = "false" pipelineInput = "false" position = "named" >
				<maml:name>DomainName</maml:name>
				<maml:description>
					<maml:para>This optional parameter lets you specify the DNS domain name of the an AD domain other than the current one where this cmdlet is running. If you specify another domain, you must have the permissions to write to the GPO within that domain.</maml:para>
				</maml:description>
			<command:parameterValue required="true" variableLength = "false" >String</command:parameterValue>
			</command:parameter>
			<command:parameter required = "false" variableLength = "false" globbing = "false" pipelineInput = "false" position = "named" >
				<maml:name>DCName</maml:name>
				<maml:description>
					<maml:para>This optional parameter lets you specify which Domain Controller holding the copy of your GPO that you wish to touch. By default, if this parameter is not used, then the PDC role-holder DC will be used.</maml:para>
				</maml:description>
			<command:parameterValue required="true" variableLength = "false" >String</command:parameterValue>
			</command:parameter>
			<command:parameter required = "false" variableLength = "false" globbing = "false" pipelineInput = "false" position = "named" >
				<maml:name>User</maml:name>
				<maml:description>
					<maml:para>This switch parameter should be used if you wish to touch the user side of the GPO version. Windows differentiates between user and computer side versions, and if you are trying to force an update of user settings on a GPO that contains both user and computer settings, you should specify this User parameter.</maml:para>
				</maml:description>
			</command:parameter>
			<command:parameter required = "false" variableLength = "false" globbing = "false" pipelineInput = "false" position = "named" >
				<maml:name>WhatIf</maml:name>
				<maml:description>
					<maml:para>Let's you test which GPO will be touched without actually performing the change.</maml:para>
				</maml:description>
			</command:parameter>
			<command:parameter required = "false" variableLength = "false" globbing = "false" pipelineInput = "false" position = "named" >
				<maml:name>Confirm</maml:name>
				<maml:description>
					<maml:para>Will confirm the change before it is made</maml:para>
				</maml:description>
			</command:parameter>
		</command:syntaxItem>
		<command:syntaxItem>
			<maml:name>Invoke-SDMTouchGPO</maml:name>
			<command:parameter required = "true" variableLength = "false" globbing = "false" pipelineInput = "true (ByValue, ByPropertyName)" position = "1" >
				<maml:name>Name</maml:name>
				<maml:description>
					<maml:para>The Name parameter is mandatory and positional, and takes input from the pipeline. It represents the GPO friendly name that you wish to touch.</maml:para>
				</maml:description>
			<command:parameterValue required="true" variableLength = "false" >String</command:parameterValue>
			</command:parameter>
			<command:parameter required = "false" variableLength = "false" globbing = "false" pipelineInput = "false" position = "named" >
				<maml:name>DomainName</maml:name>
				<maml:description>
					<maml:para>This optional parameter lets you specify the DNS domain name of the an AD domain other than the current one where this cmdlet is running. If you specify another domain, you must have the permissions to write to the GPO within that domain.</maml:para>
				</maml:description>
			<command:parameterValue required="true" variableLength = "false" >String</command:parameterValue>
			</command:parameter>
			<command:parameter required = "false" variableLength = "false" globbing = "false" pipelineInput = "false" position = "named" >
				<maml:name>DCName</maml:name>
				<maml:description>
					<maml:para>This optional parameter lets you specify which Domain Controller holding the copy of your GPO that you wish to touch. By default, if this parameter is not used, then the PDC role-holder DC will be used.</maml:para>
				</maml:description>
			<command:parameterValue required="true" variableLength = "false" >String</command:parameterValue>
			</command:parameter>
			<command:parameter required = "false" variableLength = "false" globbing = "false" pipelineInput = "false" position = "named" >
				<maml:name>Computer</maml:name>
				<maml:description>
					<maml:para>This switch parameter should be used if you wish to touch the computer side of the GPO version. Windows differentiates between user and computer side versions, and if you are trying to force an update of computer settings on a GPO that contains both user and computer settings, you should specify this computer parameter.</maml:para>
				</maml:description>
			</command:parameter>
			<command:parameter required = "false" variableLength = "false" globbing = "false" pipelineInput = "false" position = "named" >
				<maml:name>WhatIf</maml:name>
				<maml:description>
					<maml:para>Let's you test which GPO will be touched without actually performing the change.</maml:para>
				</maml:description>
			</command:parameter>
			<command:parameter required = "false" variableLength = "false" globbing = "false" pipelineInput = "false" position = "named" >
				<maml:name>Confirm</maml:name>
				<maml:description>
					<maml:para>Will confirm the change before it is made</maml:para>
				</maml:description>
			</command:parameter>
		</command:syntaxItem>
		<command:syntaxItem>
			<maml:name>Invoke-SDMTouchGPO</maml:name>
			<command:parameter required = "true" variableLength = "false" globbing = "false" pipelineInput = "true (ByValue, ByPropertyName)" position = "1" >
				<maml:name>Name</maml:name>
				<maml:description>
					<maml:para>The Name parameter is mandatory and positional, and takes input from the pipeline. It represents the GPO friendly name that you wish to touch.</maml:para>
				</maml:description>
			<command:parameterValue required="true" variableLength = "false" >String</command:parameterValue>
			</command:parameter>
			<command:parameter required = "false" variableLength = "false" globbing = "false" pipelineInput = "false" position = "named" >
				<maml:name>DomainName</maml:name>
				<maml:description>
					<maml:para>This optional parameter lets you specify the DNS domain name of the an AD domain other than the current one where this cmdlet is running. If you specify another domain, you must have the permissions to write to the GPO within that domain.</maml:para>
				</maml:description>
			<command:parameterValue required="true" variableLength = "false" >String</command:parameterValue>
			</command:parameter>
			<command:parameter required = "false" variableLength = "false" globbing = "false" pipelineInput = "false" position = "named" >
				<maml:name>DCName</maml:name>
				<maml:description>
					<maml:para>This optional parameter lets you specify which Domain Controller holding the copy of your GPO that you wish to touch. By default, if this parameter is not used, then the PDC role-holder DC will be used.</maml:para>
				</maml:description>
			<command:parameterValue required="true" variableLength = "false" >String</command:parameterValue>
			</command:parameter>
			<command:parameter required = "false" variableLength = "false" globbing = "false" pipelineInput = "false" position = "named" >
				<maml:name>Both</maml:name>
				<maml:description>
					<maml:para>This switch parameter should be used if you wish to touch both the computer &amp; user side of the GPO version. Windows differentiates between user and computer side versions, and if you are trying to force an update of both computer &amp; user settings on a GPO that contains both user and computer settings, you should specify this Both parameter.</maml:para>
				</maml:description>
			</command:parameter>
			<command:parameter required = "false" variableLength = "false" globbing = "false" pipelineInput = "false" position = "named" >
				<maml:name>WhatIf</maml:name>
				<maml:description>
					<maml:para>Let's you test which GPO will be touched without actually performing the change.</maml:para>
				</maml:description>
			</command:parameter>
			<command:parameter required = "false" variableLength = "false" globbing = "false" pipelineInput = "false" position = "named" >
				<maml:name>Confirm</maml:name>
				<maml:description>
					<maml:para>Will confirm the change before it is made</maml:para>
				</maml:description>
			</command:parameter>
		</command:syntaxItem>
	</command:syntax>
	<command:parameters>
		<command:parameter required="true" variableLength="false" globbing="false" pipelineInput="true (ByValue, ByPropertyName)" position="1">
			<maml:name>Name</maml:name>
			<maml:description>
				<maml:para>The Name parameter is mandatory and positional, and takes input from the pipeline. It represents the GPO friendly name that you wish to touch.</maml:para>
			</maml:description>
			<command:parameterValue required="true" variableLength="false">String</command:parameterValue>
			<dev:type>
				<maml:name>String</maml:name>
				<maml:uri/>
			</dev:type>
			<dev:defaultValue></dev:defaultValue>
		</command:parameter>
		<command:parameter required="false" variableLength="false" globbing="false" pipelineInput="false" position="named">
			<maml:name>DomainName</maml:name>
			<maml:description>
				<maml:para>This optional parameter lets you specify the DNS domain name of the an AD domain other than the current one where this cmdlet is running. If you specify another domain, you must have the permissions to write to the GPO within that domain.</maml:para>
			</maml:description>
			<command:parameterValue required="true" variableLength="false">String</command:parameterValue>
			<dev:type>
				<maml:name>String</maml:name>
				<maml:uri/>
			</dev:type>
			<dev:defaultValue></dev:defaultValue>
		</command:parameter>
		<command:parameter required="false" variableLength="false" globbing="false" pipelineInput="false" position="named">
			<maml:name>DCName</maml:name>
			<maml:description>
				<maml:para>This optional parameter lets you specify which Domain Controller holding the copy of your GPO that you wish to touch. By default, if this parameter is not used, then the PDC role-holder DC will be used.</maml:para>
			</maml:description>
			<command:parameterValue required="true" variableLength="false">String</command:parameterValue>
			<dev:type>
				<maml:name>String</maml:name>
				<maml:uri/>
			</dev:type>
			<dev:defaultValue></dev:defaultValue>
		</command:parameter>
		<command:parameter required="false" variableLength="false" globbing="false" pipelineInput="false" position="named">
			<maml:name>User</maml:name>
			<maml:description>
				<maml:para>This switch parameter should be used if you wish to touch the user side of the GPO version. Windows differentiates between user and computer side versions, and if you are trying to force an update of user settings on a GPO that contains both user and computer settings, you should specify this User parameter.</maml:para>
			</maml:description>
			<dev:type>
				<maml:name>SwitchParameter</maml:name>
				<maml:uri/>
			</dev:type>
			<dev:defaultValue></dev:defaultValue>
		</command:parameter>
		<command:parameter required="false" variableLength="false" globbing="false" pipelineInput="false" position="named">
			<maml:name>WhatIf</maml:name>
			<maml:description>
				<maml:para>Let's you test which GPO will be touched without actually performing the change.</maml:para>
			</maml:description>
			<dev:type>
				<maml:name>SwitchParameter</maml:name>
				<maml:uri/>
			</dev:type>
			<dev:defaultValue></dev:defaultValue>
		</command:parameter>
		<command:parameter required="false" variableLength="false" globbing="false" pipelineInput="false" position="named">
			<maml:name>Confirm</maml:name>
			<maml:description>
				<maml:para>Will confirm the change before it is made</maml:para>
			</maml:description>
			<dev:type>
				<maml:name>SwitchParameter</maml:name>
				<maml:uri/>
			</dev:type>
			<dev:defaultValue></dev:defaultValue>
		</command:parameter>
		<command:parameter required="false" variableLength="false" globbing="false" pipelineInput="false" position="named">
			<maml:name>Computer</maml:name>
			<maml:description>
				<maml:para>This switch parameter should be used if you wish to touch the computer side of the GPO version. Windows differentiates between user and computer side versions, and if you are trying to force an update of computer settings on a GPO that contains both user and computer settings, you should specify this computer parameter.</maml:para>
			</maml:description>
			<dev:type>
				<maml:name>SwitchParameter</maml:name>
				<maml:uri/>
			</dev:type>
			<dev:defaultValue></dev:defaultValue>
		</command:parameter>
		<command:parameter required="false" variableLength="false" globbing="false" pipelineInput="false" position="named">
			<maml:name>Both</maml:name>
			<maml:description>
				<maml:para>This switch parameter should be used if you wish to touch both the computer &amp; user side of the GPO version. Windows differentiates between user and computer side versions, and if you are trying to force an update of both computer &amp; user settings on a GPO that contains both user and computer settings, you should specify this Both parameter.</maml:para>
			</maml:description>
			<dev:type>
				<maml:name>SwitchParameter</maml:name>
				<maml:uri/>
			</dev:type>
			<dev:defaultValue></dev:defaultValue>
		</command:parameter>
	</command:parameters>
	<command:inputTypes>
		<command:inputType>
			<dev:type>
				<maml:name></maml:name>
				<maml:uri/>
				<maml:description>
					<maml:para></maml:para>
				</maml:description>
			</dev:type>
			<maml:description></maml:description>
		</command:inputType>
	</command:inputTypes>
	<command:returnValues>
		<command:returnValue>
			<dev:type>
				<maml:name></maml:name>
				<maml:uri />
				<maml:description>
					<maml:para></maml:para>
				</maml:description>
			</dev:type>
			<maml:description></maml:description>
		</command:returnValue>
	</command:returnValues>
	<command:terminatingErrors>
	</command:terminatingErrors>
	<command:nonTerminatingErrors>
	</command:nonTerminatingErrors>
	<maml:alertSet>
		<maml:title></maml:title>
		<maml:alert>
			<maml:para></maml:para>
		</maml:alert>
	</maml:alertSet>
	<command:examples>
		<command:example>
			<maml:title>
--------------  Example 1 --------------			</maml:title>
			<maml:introduction>
				<maml:para>C:\PS&gt;</maml:para>
C:\PS&gt;			</maml:introduction>
  			<dev:code>invoke-SDMTouchGPO &quot;Default Domain Policy&quot; -Computer</dev:code>
  			<dev:remarks>
				<maml:para>This example lets you increment the Default Domain Policy GPO's computer version number.</maml:para>
				<maml:para></maml:para>
				<maml:para></maml:para>
				<maml:para>
				</maml:para>
				<maml:para></maml:para>
  			</dev:remarks>
			<command:commandLines>
				<command:commandLine>
					<command:commandText>
					</command:commandText>
				</command:commandLine>
			</command:commandLines>
		</command:example>
		<command:example>
			<maml:title>
--------------  Example 2 --------------			</maml:title>
			<maml:introduction>
				<maml:para>C:\PS&gt;</maml:para>
C:\PS&gt;			</maml:introduction>
  			<dev:code>Invoke-SDMTouchGPO &quot;Desktop Lockdown Policy&quot; -DomainName &quot;west.cpandl.com&quot; -DCName &quot;DC3&quot; -Both</dev:code>
  			<dev:remarks>
				<maml:para>This example touches both the computer and user versions on the &quot;Desktop Lockdown Policy&quot; GPO that resides in the west.cpandl.com domain and makes the change on the DC3 domain controller.</maml:para>
				<maml:para></maml:para>
				<maml:para></maml:para>
				<maml:para>
				</maml:para>
				<maml:para></maml:para>
  			</dev:remarks>
			<command:commandLines>
				<command:commandLine>
					<command:commandText>
					</command:commandText>
				</command:commandLine>
			</command:commandLines>
		</command:example>
	</command:examples>
	<maml:relatedLinks>
		<maml:navigationLink>
			<maml:linkText>http://www.sdmsoftware.com/freeware</maml:linkText>
			<maml:uri/>
		</maml:navigationLink>
	</maml:relatedLinks>
</command:command>
</helpItems>
