<?xml version="1.0" encoding="ISO-8859-15"?>
<BEE_COMMUN VERSION="1.7">
  <PARAMETRES>
    <UAJ>0861228T</UAJ>
    <ANNEE_SCOLAIRE>2020</ANNEE_SCOLAIRE>
    <DATE_EXPORT>24/03/2021</DATE_EXPORT>
    <HORODATAGE>24/03/2021 10:48:35</HORODATAGE>
  </PARAMETRES>
  <DONNEES>
    <UAJ>
      <ETAB_UAJ_ID>242</ETAB_UAJ_ID>
      <NUM_SIREN>198600017</NUM_SIREN>
      <DENOM_PRINC>LYCEE DU BOIS D'AMOUR</DENOM_PRINC>
      <DENOM_COMPL></DENOM_COMPL>
      <NOM_RESP>LAURENCE PHILIPS-REMERAND</NOM_RESP>
      <QUAL_RESP>PROVISEURE</QUAL_RESP>
      <LIGNE1_ADRESSE>9 RUE DE LA GARENNE</LIGNE1_ADRESSE>
      <LIGNE2_ADRESSE></LIGNE2_ADRESSE>
      <LIGNE3_ADRESSE></LIGNE3_ADRESSE>
      <LIGNE4_ADRESSE></LIGNE4_ADRESSE>
      <BOITE_POST></BOITE_POST>
      <COMMUNE_ETRANGERE></COMMUNE_ETRANGERE>
      <TELEPHONE>05 49 57 05 05</TELEPHONE>
      <TELECOPIE></TELECOPIE>
      <MEL_1>ce.0861228T@ac-poitiers.fr</MEL_1>
      <MEL_2></MEL_2>
      <CODE_TYPE_ETAB>LYC</CODE_TYPE_ETAB>
      <SECTEUR_CODE>PU</SECTEUR_CODE>
      <CODE_POSTAL>86034</CODE_POSTAL>
      <CODE_COMMUNE_INSEE>86194</CODE_COMMUNE_INSEE>
      <CODE_PAYS>100</CODE_PAYS>
    </UAJ>
    <ANNEE_SCOLAIRE>
      <DATE_DEBUT_ELEVE>01/09/2020</DATE_DEBUT_ELEVE>
      <DATE_FIN_ELEVE>31/08/2021</DATE_FIN_ELEVE>
      <DATE_DEBUT_PROF>31/08/2020</DATE_DEBUT_PROF>
      <DATE_FIN_PROF>31/08/2021</DATE_FIN_PROF>
    </ANNEE_SCOLAIRE>
    <ANNEE_SCOLAIRE_AD>
      <DATE_DEBUT_ELEVE>02/09/2019</DATE_DEBUT_ELEVE>
      <DATE_FIN_ELEVE>31/08/2020</DATE_FIN_ELEVE>
      <DATE_DEBUT_PROF>30/08/2019</DATE_DEBUT_PROF>
      <DATE_FIN_PROF>31/08/2020</DATE_FIN_PROF>
    </ANNEE_SCOLAIRE_AD>
    <PERIODES_PEDAGOGIQUES />
    <CALENDRIERS_FERMETURES />
  </DONNEES>
</BEE_COMMUN>

