<?xml version="1.0" encoding="utf-8"?>
<Drives clsid="{8FDDCC1A-0C3C-43cd-A6B4-71A6DF20DA8C}"><Drive clsid="{935D1B74-9CB8-4e3c-9914-7DD559B7A417}" name="N:" status="N:" image="2" changed="2020-03-06 13:00:52" uid="{BD2710BA-A875-42F4-B5EA-EAE1DBA2796A}" bypassErrors="1"><Properties action="U" thisDrive="NOCHANGE" allDrives="NOCHANGE" userName="" path="\\scribe\ImagesISO" label="" persistent="0" useLetter="1" letter="N"/></Drive>
	<Drive clsid="{935D1B74-9CB8-4e3c-9914-7DD559B7A417}" name="O:" status="O:" image="2" changed="2020-03-06 13:01:24" uid="{CC981DCE-BCD8-489A-9F26-37C7A6CBD371}"><Properties action="U" thisDrive="NOCHANGE" allDrives="NOCHANGE" userName="" path="\\scribe\Applipub" label="" persistent="0" useLetter="1" letter="O"/></Drive>
	<Drive clsid="{935D1B74-9CB8-4e3c-9914-7DD559B7A417}" name="S:" status="S:" image="2" changed="2020-03-06 13:01:57" uid="{BA5D1254-E71F-46C0-BAEC-6210924C7009}"><Properties action="U" thisDrive="NOCHANGE" allDrives="NOCHANGE" userName="" path="\\scribe\groupes" label="" persistent="0" useLetter="1" letter="S"/></Drive>
	<Drive clsid="{935D1B74-9CB8-4e3c-9914-7DD559B7A417}" name="T:" status="T:" image="2" changed="2020-03-06 13:02:23" uid="{EEB54653-CF9E-45F9-B754-9827DDA94C89}"><Properties action="U" thisDrive="NOCHANGE" allDrives="NOCHANGE" userName="" path="\\scribe\commun" label="" persistent="0" useLetter="1" letter="T"/></Drive>
</Drives>
