<?xml version="1.0" encoding="utf-8"?><!-- Copyright (c) Microsoft Corporation.  All rights reserved. --><GroupPolicyBackupScheme bkp:version="2.0" bkp:type="GroupPolicyBackupTemplate" xmlns:bkp="http://www.microsoft.com/GroupPolicy/GPOOperations" xmlns="http://www.microsoft.com/GroupPolicy/GPOOperations">
    <GroupPolicyObject><SecurityGroups><Group bkp:Source="FromDACL"><Sid><![CDATA[S-1-5-21-1436701757-2399581611-831833257-512]]></Sid><SamAccountName><![CDATA[Domain Admins]]></SamAccountName><Type><![CDATA[GlobalGroup]]></Type><NetBIOSDomainName><![CDATA[0740036M]]></NetBIOSDomainName><DnsDomainName><![CDATA[0740036m.etab]]></DnsDomainName><UPN><![CDATA[Domain Admins@0740036m.etab]]></UPN></Group><Group bkp:Source="FromDACL"><Sid><![CDATA[S-1-5-21-1436701757-2399581611-831833257-519]]></Sid><SamAccountName><![CDATA[Enterprise Admins]]></SamAccountName><Type><![CDATA[UniversalGroup]]></Type><NetBIOSDomainName><![CDATA[0740036M]]></NetBIOSDomainName><DnsDomainName><![CDATA[0740036m.etab]]></DnsDomainName><UPN><![CDATA[Enterprise Admins@0740036m.etab]]></UPN></Group></SecurityGroups><FilePaths><Path><![CDATA[\\scribe\%username%\perso\Téléchargements]]></Path><Path><![CDATA[\\scribe\%username%\perso\Vidéos]]></Path><Path><![CDATA[\\scribe\%username%\perso\Musique]]></Path><Path><![CDATA[\\scribe\%username%\perso\Documents]]></Path><Path><![CDATA[\\scribe\%username%\perso\Images]]></Path></FilePaths><GroupPolicyCoreSettings><ID><![CDATA[{99B1F5C1-866E-4772-BE5D-876D5F97383B}]]></ID><Domain><![CDATA[0740036m.etab]]></Domain><SecurityDescriptor>01 00 04 91 00 00 00 00 00 00 00 00 00 00 00 00 14 00 00 00 04 00 00 01 08 00 00 00 06 03 38 00 00 01 00 00 01 00 00 00 8f fd ac ed b3 ff d1 11 b4 1d 00 a0 c9 68 f9 39 01 05 00 00 00 00 00 05 15 00 00 00 3d 54 a2 55 ab b5 06 8f a9 c4 94 31 00 02 00 00 00 0b 14 00 ff 00 0f 00 01 01 00 00 00 00 00 03 00 00 00 00 00 03 14 00 94 00 02 00 01 01 00 00 00 00 00 05 0b 00 00 00 00 03 14 00 ff 00 0f 00 01 01 00 00 00 00 00 05 12 00 00 00 00 03 24 00 ff 00 0f 00 01 05 00 00 00 00 00 05 15 00 00 00 3d 54 a2 55 ab b5 06 8f a9 c4 94 31 00 02 00 00 00 03 24 00 ff 00 0f 00 01 05 00 00 00 00 00 05 15 00 00 00 3d 54 a2 55 ab b5 06 8f a9 c4 94 31 07 02 00 00 00 03 14 00 94 00 02 00 01 01 00 00 00 00 00 05 09 00 00 00 05 03 28 00 00 01 00 00 01 00 00 00 8f fd ac ed b3 ff d1 11 b4 1d 00 a0 c9 68 f9 39 01 01 00 00 00 00 00 05 0b 00 00 00</SecurityDescriptor><DisplayName><![CDATA[geicos]]></DisplayName><Options><![CDATA[0]]></Options><UserVersionNumber><![CDATA[4325442]]></UserVersionNumber><MachineVersionNumber><![CDATA[4390979]]></MachineVersionNumber><MachineExtensionGuids><![CDATA[[{00000000-0000-0000-0000-000000000000}{BEE07A6A-EC9F-4659-B8C9-0B1937907C83}][{29BBE2D5-DE47-4855-97D7-2745E166DC6D}{D02B1F72-3407-48AE-BA88-E8213C6761F1}][{35378EAC-683F-11D2-A89A-00C04FBBCFA2}{2D4156A2-897A-11DB-BA21-001185AD2B89}{B05566AC-FE9C-4368-BE01-7A4CBB6CBA11}{D02B1F72-3407-48AE-BA88-E8213C6761F1}][{426031C0-0B47-4852-B0CA-AC3D37BFCB39}{D02B1F72-3407-48AE-BA88-E8213C6761F1}][{7933F41E-56F8-41D6-A31C-4148A711EE93}{D02B1F72-3407-48AE-BA88-E8213C6761F1}][{827D319E-6EAC-11D2-A4EA-00C04F79F83A}{803E14A0-B4FB-11D0-A0D0-00A0C90F574B}][{B087BE9D-ED37-454F-AF9C-04291E351182}{BEE07A6A-EC9F-4659-B8C9-0B1937907C83}][{C631DF4C-088F-4156-B058-4375F0853CD8}{D02B1F72-3407-48AE-BA88-E8213C6761F1}]]]></MachineExtensionGuids><UserExtensionGuids><![CDATA[[{00000000-0000-0000-0000-000000000000}{2EA1A81B-48E5-45E9-8BB7-A6E3AC170006}{3BFAE46A-7F3A-467B-8CEA-6AA34DC71F53}{3EC4E9D3-714D-471F-88DC-4DD4471AAB47}{5C935941-A954-4F7C-B507-885941ECE5C4}{BEE07A6A-EC9F-4659-B8C9-0B1937907C83}][{25537BA6-77A8-11D2-9B6C-0000F8080861}{88E729D6-BDC1-11D1-BD2A-00C04FB9603F}][{35378EAC-683F-11D2-A89A-00C04FBBCFA2}{D02B1F73-3407-48AE-BA88-E8213C6761F1}][{42B5FAAE-6536-11D2-AE5A-0000F87571E3}{40B66650-4972-11D1-A7CA-0000F87571E3}][{5794DAFD-BE60-433F-88A2-1A31939AC01F}{2EA1A81B-48E5-45E9-8BB7-A6E3AC170006}][{6232C319-91AC-4931-9385-E70C2B099F0E}{3EC4E9D3-714D-471F-88DC-4DD4471AAB47}][{A3F3E39B-5D83-4940-B954-28315B82F0A8}{3BFAE46A-7F3A-467B-8CEA-6AA34DC71F53}][{B087BE9D-ED37-454F-AF9C-04291E351182}{BEE07A6A-EC9F-4659-B8C9-0B1937907C83}][{E47248BA-94CC-49C4-BBB5-9EB7F05183D0}{5C935941-A954-4F7C-B507-885941ECE5C4}]]]></UserExtensionGuids><WMIFilter/></GroupPolicyCoreSettings> 
        <GroupPolicyExtension bkp:ID="{35378EAC-683F-11D2-A89A-00C04FBBCFA2}" bkp:DescName="Registry">
            <FSObjectFile bkp:Path="%GPO_MACH_FSPATH%\registry.pol" bkp:SourceExpandedPath="\\addc.0740036m.etab\sysvol\0740036m.etab\Policies\{99B1F5C1-866E-4772-BE5D-876D5F97383B}\Machine\registry.pol" bkp:Location="DomainSysvol\GPO\Machine\registry.pol"/>
            <FSObjectFile bkp:Path="%GPO_USER_FSPATH%\registry.pol" bkp:SourceExpandedPath="\\addc.0740036m.etab\sysvol\0740036m.etab\Policies\{99B1F5C1-866E-4772-BE5D-876D5F97383B}\User\registry.pol" bkp:Location="DomainSysvol\GPO\User\registry.pol"/>
            <FSObjectFile bkp:Path="%GPO_FSPATH%\Adm\*.*" bkp:SourceExpandedPath="\\addc.0740036m.etab\sysvol\0740036m.etab\Policies\{99B1F5C1-866E-4772-BE5D-876D5F97383B}\Adm\*.*"/>
        </GroupPolicyExtension>
        
        <GroupPolicyExtension bkp:ID="{25537BA6-77A8-11D2-9B6C-0000F8080861}" bkp:DescName="Folder Redirection">
            <FSObjectFile bkp:Path="%GPO_USER_FSPATH%\Documents &amp; Settings\*" bkp:SourceExpandedPath="\\addc.0740036m.etab\sysvol\0740036m.etab\Policies\{99B1F5C1-866E-4772-BE5D-876D5F97383B}\User\Documents &amp; Settings\*" bkp:ReEvaluateFunction="FRValidateSettings"><FSObjectFile bkp:Path="%GPO_USER_FSPATH%\Documents &amp; Settings\fdeploy1.ini" bkp:SourceExpandedPath="\\addc.0740036m.etab\sysvol\0740036m.etab\Policies\{99B1F5C1-866E-4772-BE5D-876D5F97383B}\User\Documents &amp; Settings\fdeploy1.ini" bkp:Location="DomainSysvol\GPO\User\Documents &amp; Settings\fdeploy1.ini"/><FSObjectFile bkp:Path="%GPO_USER_FSPATH%\Documents &amp; Settings\fdeploy.ini" bkp:SourceExpandedPath="\\addc.0740036m.etab\sysvol\0740036m.etab\Policies\{99B1F5C1-866E-4772-BE5D-876D5F97383B}\User\Documents &amp; Settings\fdeploy.ini" bkp:Location="DomainSysvol\GPO\User\Documents &amp; Settings\fdeploy.ini"/></FSObjectFile>
        </GroupPolicyExtension>
        <GroupPolicyExtension bkp:ID="{42B5FAAE-6536-11d2-AE5A-0000F87571E3}" bkp:DescName="Scripts">
            
	    
            <FSObjectDir bkp:Path="%GPO_MACH_FSPATH%\Scripts\Startup\*" bkp:SourceExpandedPath="\\addc.0740036m.etab\sysvol\0740036m.etab\Policies\{99B1F5C1-866E-4772-BE5D-876D5F97383B}\Machine\Scripts\Startup\*"><FSObjectDir bkp:Path="%GPO_MACH_FSPATH%\Scripts\Startup" bkp:SourceExpandedPath="\\addc.0740036m.etab\sysvol\0740036m.etab\Policies\{99B1F5C1-866E-4772-BE5D-876D5F97383B}\Machine\Scripts\Startup" bkp:Location="DomainSysvol\GPO\Machine\Scripts\Startup"/></FSObjectDir>
            <FSObjectFile bkp:Path="%GPO_MACH_FSPATH%\Scripts\Startup\*" bkp:SourceExpandedPath="\\addc.0740036m.etab\sysvol\0740036m.etab\Policies\{99B1F5C1-866E-4772-BE5D-876D5F97383B}\Machine\Scripts\Startup\*"/>
            <FSObjectDir bkp:Path="%GPO_MACH_FSPATH%\Scripts\Shutdown\*" bkp:SourceExpandedPath="\\addc.0740036m.etab\sysvol\0740036m.etab\Policies\{99B1F5C1-866E-4772-BE5D-876D5F97383B}\Machine\Scripts\Shutdown\*"><FSObjectDir bkp:Path="%GPO_MACH_FSPATH%\Scripts\Shutdown" bkp:SourceExpandedPath="\\addc.0740036m.etab\sysvol\0740036m.etab\Policies\{99B1F5C1-866E-4772-BE5D-876D5F97383B}\Machine\Scripts\Shutdown" bkp:Location="DomainSysvol\GPO\Machine\Scripts\Shutdown"/></FSObjectDir>
            <FSObjectFile bkp:Path="%GPO_MACH_FSPATH%\Scripts\Shutdown\*" bkp:SourceExpandedPath="\\addc.0740036m.etab\sysvol\0740036m.etab\Policies\{99B1F5C1-866E-4772-BE5D-876D5F97383B}\Machine\Scripts\Shutdown\*"/>
            <FSObjectFile bkp:Path="%GPO_USER_FSPATH%\Scripts\scripts.ini" bkp:SourceExpandedPath="\\addc.0740036m.etab\sysvol\0740036m.etab\Policies\{99B1F5C1-866E-4772-BE5D-876D5F97383B}\User\Scripts\scripts.ini" bkp:ReEvaluateFunction="ScriptsValidatePaths" bkp:Location="DomainSysvol\GPO\User\Scripts\scripts.ini"/>
	    
            <FSObjectDir bkp:Path="%GPO_USER_FSPATH%\Scripts\Logon\*" bkp:SourceExpandedPath="\\addc.0740036m.etab\sysvol\0740036m.etab\Policies\{99B1F5C1-866E-4772-BE5D-876D5F97383B}\User\Scripts\Logon\*"><FSObjectDir bkp:Path="%GPO_USER_FSPATH%\Scripts\Logon" bkp:SourceExpandedPath="\\addc.0740036m.etab\sysvol\0740036m.etab\Policies\{99B1F5C1-866E-4772-BE5D-876D5F97383B}\User\Scripts\Logon" bkp:Location="DomainSysvol\GPO\User\Scripts\Logon"/></FSObjectDir>
            <FSObjectFile bkp:Path="%GPO_USER_FSPATH%\Scripts\Logon\*" bkp:SourceExpandedPath="\\addc.0740036m.etab\sysvol\0740036m.etab\Policies\{99B1F5C1-866E-4772-BE5D-876D5F97383B}\User\Scripts\Logon\*"/>
            <FSObjectDir bkp:Path="%GPO_USER_FSPATH%\Scripts\Logoff\*" bkp:SourceExpandedPath="\\addc.0740036m.etab\sysvol\0740036m.etab\Policies\{99B1F5C1-866E-4772-BE5D-876D5F97383B}\User\Scripts\Logoff\*"><FSObjectDir bkp:Path="%GPO_USER_FSPATH%\Scripts\Logoff" bkp:SourceExpandedPath="\\addc.0740036m.etab\sysvol\0740036m.etab\Policies\{99B1F5C1-866E-4772-BE5D-876D5F97383B}\User\Scripts\Logoff" bkp:Location="DomainSysvol\GPO\User\Scripts\Logoff"/></FSObjectDir>
            <FSObjectFile bkp:Path="%GPO_USER_FSPATH%\Scripts\Logoff\*" bkp:SourceExpandedPath="\\addc.0740036m.etab\sysvol\0740036m.etab\Policies\{99B1F5C1-866E-4772-BE5D-876D5F97383B}\User\Scripts\Logoff\*"><FSObjectFile bkp:Path="%GPO_USER_FSPATH%\Scripts\Logoff\del_fondecran.bat" bkp:SourceExpandedPath="\\addc.0740036m.etab\sysvol\0740036m.etab\Policies\{99B1F5C1-866E-4772-BE5D-876D5F97383B}\User\Scripts\Logoff\del_fondecran.bat" bkp:Location="DomainSysvol\GPO\User\Scripts\Logoff\del_fondecran.bat"/></FSObjectFile>
        </GroupPolicyExtension>
        
        <GroupPolicyExtension bkp:ID="{827D319E-6EAC-11D2-A4EA-00C04F79F83A}" bkp:DescName="Security">
            <FSObjectFile bkp:Path="%GPO_MACH_FSPATH%\microsoft\windows nt\SecEdit\GptTmpl.inf" bkp:SourceExpandedPath="\\addc.0740036m.etab\sysvol\0740036m.etab\Policies\{99B1F5C1-866E-4772-BE5D-876D5F97383B}\Machine\microsoft\windows nt\SecEdit\GptTmpl.inf" bkp:ReEvaluateFunction="SecurityValidateSettings" bkp:Location="DomainSysvol\GPO\Machine\microsoft\windows nt\SecEdit\GptTmpl.inf"/>
        </GroupPolicyExtension>
        
        
        
        
    <GroupPolicyExtension bkp:ID="{F15C46CD-82A0-4C2D-A210-5D0D3182A418}" bkp:DescName="Unknown Extension"><FSObjectDir bkp:Path="%GPO_FSPATH%\Adm" bkp:SourceExpandedPath="\\addc.0740036m.etab\sysvol\0740036m.etab\Policies\{99B1F5C1-866E-4772-BE5D-876D5F97383B}\Adm" bkp:Location="DomainSysvol\GPO\Adm"/><FSObjectDir bkp:Path="%GPO_MACH_FSPATH%\Applications" bkp:SourceExpandedPath="\\addc.0740036m.etab\sysvol\0740036m.etab\Policies\{99B1F5C1-866E-4772-BE5D-876D5F97383B}\Machine\Applications" bkp:Location="DomainSysvol\GPO\Machine\Applications"/><FSObjectFile bkp:Path="%GPO_MACH_FSPATH%\comment.cmtx" bkp:SourceExpandedPath="\\addc.0740036m.etab\sysvol\0740036m.etab\Policies\{99B1F5C1-866E-4772-BE5D-876D5F97383B}\Machine\comment.cmtx" bkp:Location="DomainSysvol\GPO\Machine\comment.cmtx"/><FSObjectDir bkp:Path="%GPO_MACH_FSPATH%\microsoft" bkp:SourceExpandedPath="\\addc.0740036m.etab\sysvol\0740036m.etab\Policies\{99B1F5C1-866E-4772-BE5D-876D5F97383B}\Machine\microsoft" bkp:Location="DomainSysvol\GPO\Machine\microsoft"/><FSObjectDir bkp:Path="%GPO_MACH_FSPATH%\microsoft\windows nt" bkp:SourceExpandedPath="\\addc.0740036m.etab\sysvol\0740036m.etab\Policies\{99B1F5C1-866E-4772-BE5D-876D5F97383B}\Machine\microsoft\windows nt" bkp:Location="DomainSysvol\GPO\Machine\microsoft\windows nt"/><FSObjectDir bkp:Path="%GPO_MACH_FSPATH%\microsoft\windows nt\SecEdit" bkp:SourceExpandedPath="\\addc.0740036m.etab\sysvol\0740036m.etab\Policies\{99B1F5C1-866E-4772-BE5D-876D5F97383B}\Machine\microsoft\windows nt\SecEdit" bkp:Location="DomainSysvol\GPO\Machine\microsoft\windows nt\SecEdit"/><FSObjectDir bkp:Path="%GPO_MACH_FSPATH%\Preferences" bkp:SourceExpandedPath="\\addc.0740036m.etab\sysvol\0740036m.etab\Policies\{99B1F5C1-866E-4772-BE5D-876D5F97383B}\Machine\Preferences" bkp:Location="DomainSysvol\GPO\Machine\Preferences"/><FSObjectDir bkp:Path="%GPO_MACH_FSPATH%\Preferences\Registry" bkp:SourceExpandedPath="\\addc.0740036m.etab\sysvol\0740036m.etab\Policies\{99B1F5C1-866E-4772-BE5D-876D5F97383B}\Machine\Preferences\Registry" bkp:Location="DomainSysvol\GPO\Machine\Preferences\Registry"/><FSObjectFile bkp:Path="%GPO_MACH_FSPATH%\Preferences\Registry\Registry.xml" bkp:SourceExpandedPath="\\addc.0740036m.etab\sysvol\0740036m.etab\Policies\{99B1F5C1-866E-4772-BE5D-876D5F97383B}\Machine\Preferences\Registry\Registry.xml" bkp:Location="DomainSysvol\GPO\Machine\Preferences\Registry\Registry.xml"/><FSObjectDir bkp:Path="%GPO_MACH_FSPATH%\Preferences\Shortcuts" bkp:SourceExpandedPath="\\addc.0740036m.etab\sysvol\0740036m.etab\Policies\{99B1F5C1-866E-4772-BE5D-876D5F97383B}\Machine\Preferences\Shortcuts" bkp:Location="DomainSysvol\GPO\Machine\Preferences\Shortcuts"/><FSObjectDir bkp:Path="%GPO_MACH_FSPATH%\Scripts" bkp:SourceExpandedPath="\\addc.0740036m.etab\sysvol\0740036m.etab\Policies\{99B1F5C1-866E-4772-BE5D-876D5F97383B}\Machine\Scripts" bkp:Location="DomainSysvol\GPO\Machine\Scripts"/><FSObjectDir bkp:Path="%GPO_USER_FSPATH%\Applications" bkp:SourceExpandedPath="\\addc.0740036m.etab\sysvol\0740036m.etab\Policies\{99B1F5C1-866E-4772-BE5D-876D5F97383B}\User\Applications" bkp:Location="DomainSysvol\GPO\User\Applications"/><FSObjectFile bkp:Path="%GPO_USER_FSPATH%\comment.cmtx" bkp:SourceExpandedPath="\\addc.0740036m.etab\sysvol\0740036m.etab\Policies\{99B1F5C1-866E-4772-BE5D-876D5F97383B}\User\comment.cmtx" bkp:Location="DomainSysvol\GPO\User\comment.cmtx"/><FSObjectDir bkp:Path="%GPO_USER_FSPATH%\Documents &amp; Settings" bkp:SourceExpandedPath="\\addc.0740036m.etab\sysvol\0740036m.etab\Policies\{99B1F5C1-866E-4772-BE5D-876D5F97383B}\User\Documents &amp; Settings" bkp:Location="DomainSysvol\GPO\User\Documents &amp; Settings"/><FSObjectDir bkp:Path="%GPO_USER_FSPATH%\Preferences" bkp:SourceExpandedPath="\\addc.0740036m.etab\sysvol\0740036m.etab\Policies\{99B1F5C1-866E-4772-BE5D-876D5F97383B}\User\Preferences" bkp:Location="DomainSysvol\GPO\User\Preferences"/><FSObjectDir bkp:Path="%GPO_USER_FSPATH%\Preferences\Drives" bkp:SourceExpandedPath="\\addc.0740036m.etab\sysvol\0740036m.etab\Policies\{99B1F5C1-866E-4772-BE5D-876D5F97383B}\User\Preferences\Drives" bkp:Location="DomainSysvol\GPO\User\Preferences\Drives"/><FSObjectFile bkp:Path="%GPO_USER_FSPATH%\Preferences\Drives\Drives.xml" bkp:SourceExpandedPath="\\addc.0740036m.etab\sysvol\0740036m.etab\Policies\{99B1F5C1-866E-4772-BE5D-876D5F97383B}\User\Preferences\Drives\Drives.xml" bkp:Location="DomainSysvol\GPO\User\Preferences\Drives\Drives.xml"/><FSObjectDir bkp:Path="%GPO_USER_FSPATH%\Preferences\FolderOptions" bkp:SourceExpandedPath="\\addc.0740036m.etab\sysvol\0740036m.etab\Policies\{99B1F5C1-866E-4772-BE5D-876D5F97383B}\User\Preferences\FolderOptions" bkp:Location="DomainSysvol\GPO\User\Preferences\FolderOptions"/><FSObjectFile bkp:Path="%GPO_USER_FSPATH%\Preferences\FolderOptions\FolderOptions.xml" bkp:SourceExpandedPath="\\addc.0740036m.etab\sysvol\0740036m.etab\Policies\{99B1F5C1-866E-4772-BE5D-876D5F97383B}\User\Preferences\FolderOptions\FolderOptions.xml" bkp:Location="DomainSysvol\GPO\User\Preferences\FolderOptions\FolderOptions.xml"/><FSObjectDir bkp:Path="%GPO_USER_FSPATH%\Preferences\Folders" bkp:SourceExpandedPath="\\addc.0740036m.etab\sysvol\0740036m.etab\Policies\{99B1F5C1-866E-4772-BE5D-876D5F97383B}\User\Preferences\Folders" bkp:Location="DomainSysvol\GPO\User\Preferences\Folders"/><FSObjectFile bkp:Path="%GPO_USER_FSPATH%\Preferences\Folders\Folders.xml" bkp:SourceExpandedPath="\\addc.0740036m.etab\sysvol\0740036m.etab\Policies\{99B1F5C1-866E-4772-BE5D-876D5F97383B}\User\Preferences\Folders\Folders.xml" bkp:Location="DomainSysvol\GPO\User\Preferences\Folders\Folders.xml"/><FSObjectDir bkp:Path="%GPO_USER_FSPATH%\Preferences\InternetSettings" bkp:SourceExpandedPath="\\addc.0740036m.etab\sysvol\0740036m.etab\Policies\{99B1F5C1-866E-4772-BE5D-876D5F97383B}\User\Preferences\InternetSettings" bkp:Location="DomainSysvol\GPO\User\Preferences\InternetSettings"/><FSObjectFile bkp:Path="%GPO_USER_FSPATH%\Preferences\InternetSettings\InternetSettings.xml" bkp:SourceExpandedPath="\\addc.0740036m.etab\sysvol\0740036m.etab\Policies\{99B1F5C1-866E-4772-BE5D-876D5F97383B}\User\Preferences\InternetSettings\InternetSettings.xml" bkp:Location="DomainSysvol\GPO\User\Preferences\InternetSettings\InternetSettings.xml"/><FSObjectDir bkp:Path="%GPO_USER_FSPATH%\Preferences\Registry" bkp:SourceExpandedPath="\\addc.0740036m.etab\sysvol\0740036m.etab\Policies\{99B1F5C1-866E-4772-BE5D-876D5F97383B}\User\Preferences\Registry" bkp:Location="DomainSysvol\GPO\User\Preferences\Registry"/><FSObjectFile bkp:Path="%GPO_USER_FSPATH%\Preferences\Registry\Registry.xml" bkp:SourceExpandedPath="\\addc.0740036m.etab\sysvol\0740036m.etab\Policies\{99B1F5C1-866E-4772-BE5D-876D5F97383B}\User\Preferences\Registry\Registry.xml" bkp:Location="DomainSysvol\GPO\User\Preferences\Registry\Registry.xml"/><FSObjectDir bkp:Path="%GPO_USER_FSPATH%\Preferences\Shortcuts" bkp:SourceExpandedPath="\\addc.0740036m.etab\sysvol\0740036m.etab\Policies\{99B1F5C1-866E-4772-BE5D-876D5F97383B}\User\Preferences\Shortcuts" bkp:Location="DomainSysvol\GPO\User\Preferences\Shortcuts"/><FSObjectDir bkp:Path="%GPO_USER_FSPATH%\Preferences\StartMenuTaskbar" bkp:SourceExpandedPath="\\addc.0740036m.etab\sysvol\0740036m.etab\Policies\{99B1F5C1-866E-4772-BE5D-876D5F97383B}\User\Preferences\StartMenuTaskbar" bkp:Location="DomainSysvol\GPO\User\Preferences\StartMenuTaskbar"/><FSObjectDir bkp:Path="%GPO_USER_FSPATH%\Scripts" bkp:SourceExpandedPath="\\addc.0740036m.etab\sysvol\0740036m.etab\Policies\{99B1F5C1-866E-4772-BE5D-876D5F97383B}\User\Scripts" bkp:Location="DomainSysvol\GPO\User\Scripts"/></GroupPolicyExtension></GroupPolicyObject>
</GroupPolicyBackupScheme>