<?xml version="1.0" encoding="utf-8"?>
<Folders clsid="{77CC39E7-3D16-4f8f-AF86-EC0BBEE2C861}"><Folder clsid="{07DA02F5-F9CD-4397-A550-4AE21B6B4BD3}" name="Téléchargements" status="Téléchargements" image="2" changed="2019-02-26 07:06:01" uid="{FE40CBB7-F387-4D05-A647-7756D60A8816}" userContext="1" bypassErrors="1"><Properties action="U" path="u:\Téléchargements" readOnly="0" archive="1" hidden="0"/></Folder>
	<Folder clsid="{07DA02F5-F9CD-4397-A550-4AE21B6B4BD3}" name="Musique" status="Musique" image="2" changed="2019-02-26 07:08:55" uid="{41F4F88A-AFF1-4E85-924F-BD8B75018C91}" userContext="1" bypassErrors="1"><Properties action="U" path="u:\Musique" readOnly="0" archive="1" hidden="0"/></Folder>
	<Folder clsid="{07DA02F5-F9CD-4397-A550-4AE21B6B4BD3}" name="Images" status="Images" image="2" changed="2019-02-26 07:09:21" uid="{6C2D1FF3-22FF-4DD5-99D2-66E98AED6AD7}" userContext="1" bypassErrors="1"><Properties action="U" path="u:\Images" readOnly="0" archive="1" hidden="0"/></Folder>
	<Folder clsid="{07DA02F5-F9CD-4397-A550-4AE21B6B4BD3}" name="Vidéos" status="Vidéos" image="2" changed="2019-02-26 07:09:59" uid="{830E0F7F-F529-46F9-8484-0FA12B5611CE}" userContext="1" bypassErrors="1"><Properties action="U" path="u:\Vidéos" readOnly="0" archive="1" hidden="0"/></Folder>
	<Folder clsid="{07DA02F5-F9CD-4397-A550-4AE21B6B4BD3}" name="Documents" status="Documents" image="2" changed="2019-02-26 07:17:33" uid="{C5F9BF34-81F1-4B60-8310-1DF89AE2E7DA}" userContext="1" bypassErrors="1"><Properties action="U" path="u:\Documents" readOnly="0" archive="1" hidden="0"/></Folder>
	<Folder clsid="{07DA02F5-F9CD-4397-A550-4AE21B6B4BD3}" name="Group2" status="Group2" image="2" changed="2020-02-14 14:27:48" uid="{D32E9A28-509A-47A2-A68C-C7B3D1D2AF9C}" desc="GEICOS - Cache une partie du menu contextuel du Menu Démarrer" bypassErrors="1"><Properties action="U" path="%LOCALAPPDATA%\Microsoft\Windows\WinX\Group2" readOnly="0" archive="1" hidden="1"/></Folder>
	<Folder clsid="{07DA02F5-F9CD-4397-A550-4AE21B6B4BD3}" name="Group3" status="Group3" image="2" changed="2020-02-14 14:28:05" uid="{00913379-8CDC-46AC-95CB-FD7F9D33816D}" desc="GEICOS - Cache une partie du menu contextuel du Menu Démarrer" bypassErrors="1"><Properties action="U" path="%LOCALAPPDATA%\Microsoft\Windows\WinX\Group3" readOnly="0" archive="1" hidden="1"/></Folder>
</Folders>
