<?xml version="1.0" encoding="utf-8"?>
<RegistrySettings clsid="{A3CCFC41-DFDB-43a5-8D26-0FE8B954DA51}"><Registry clsid="{9CD4B2F4-923D-47f5-A062-E897DD1DAD50}" name="EnableLinkedConnections" status="EnableLinkedConnections" image="12" changed="2019-02-25 09:52:57" uid="{1E70DFBE-AD35-4025-982F-5832DBE7C797}" desc="Empeche que des lecteurs mappés ne soient pas disponibles à partir d'une invite de commande" bypassErrors="1"><Properties action="U" displayDecimal="1" default="0" hive="HKEY_LOCAL_MACHINE" key="SOFTWARE\Microsoft\Windows\CurrentVersion\Policies\System" name="EnableLinkedConnections" type="REG_DWORD" value="00000001"/></Registry>
	<Registry clsid="{9CD4B2F4-923D-47f5-A062-E897DD1DAD50}" name="HubMode" status="HubMode" image="12" changed="2019-02-25 09:52:49" uid="{75927A44-0672-4EF8-9725-617BB0EB1FDA}" desc="Enleve l'acces rapide de l'explorateur" bypassErrors="1"><Properties action="U" displayDecimal="1" default="0" hive="HKEY_LOCAL_MACHINE" key="SOFTWARE\Microsoft\Windows\CurrentVersion\Explorer" name="HubMode" type="REG_DWORD" value="00000001"/></Registry>
	<Registry clsid="{9CD4B2F4-923D-47f5-A062-E897DD1DAD50}" name="{0DB7E03F-FC29-4DC6-9020-FF41B59E513A}" status="{0DB7E03F-FC29-4DC6-9020-FF41B59E513A}" image="3" changed="2019-02-26 07:28:01" uid="{FFDF00E0-BD7C-4D98-ABC8-C46759A52EF1}" desc="Suppression du dossier Objets 3D" bypassErrors="1"><Properties action="D" displayDecimal="1" default="0" hive="HKEY_LOCAL_MACHINE" key="SOFTWARE\Microsoft\Windows\CurrentVersion\Explorer\MyComputer\NameSpace\{0DB7E03F-FC29-4DC6-9020-FF41B59E513A}" name="" type="REG_SZ" value=""/></Registry>
	<Registry clsid="{9CD4B2F4-923D-47f5-A062-E897DD1DAD50}" name="HiberbootEnabled" status="HiberbootEnabled" image="12" changed="2019-05-23 13:22:30" uid="{2B4C6E8B-DCC8-4069-BDA0-F7204990B84B}" desc="Décoche &quot;Activer le demarrage rapide&quot; dans option alimentation , parametres systeme" bypassErrors="1"><Properties action="U" displayDecimal="0" default="0" hive="HKEY_LOCAL_MACHINE" key="SYSTEM\CurrentControlSet\Control\Session Manager\Power" name="HiberbootEnabled" type="REG_DWORD" value="00000000"/></Registry>
	<Registry clsid="{9CD4B2F4-923D-47f5-A062-E897DD1DAD50}" name="ShowTaskViewButton" status="ShowTaskViewButton" image="12" changed="2019-07-12 13:47:54" uid="{A5959C73-2035-41B1-B77B-08116094A336}" desc="Cache l'icone affichage des taches dans la barre de tache" bypassErrors="1"><Properties action="U" displayDecimal="1" default="0" hive="HKEY_LOCAL_MACHINE" key="SOFTWARE\Microsoft\Windows\CurrentVersion\Explorer\Advanced" name="ShowTaskViewButton" type="REG_DWORD" value="00000000"/></Registry>
	<Registry clsid="{9CD4B2F4-923D-47f5-A062-E897DD1DAD50}" name="EnableLUA" status="EnableLUA" image="12" changed="2020-05-11 12:49:52" uid="{760A311C-A565-4458-AC1D-A9CDF2B817A4}" desc="Desactivation du controle du compte utilisateur" bypassErrors="1"><Properties action="U" displayDecimal="0" default="0" hive="HKEY_LOCAL_MACHINE" key="SOFTWARE\Microsoft\Windows\CurrentVersion\Policies\System" name="EnableLUA" type="REG_DWORD" value="00000000"/></Registry>
</RegistrySettings>
