<?xml version="1.0" encoding="utf-8"?><!-- Copyright (c) Microsoft Corporation.  All rights reserved. --><GroupPolicyBackupScheme bkp:version="2.0" bkp:type="GroupPolicyBackupTemplate" xmlns:bkp="http://www.microsoft.com/GroupPolicy/GPOOperations" xmlns="http://www.microsoft.com/GroupPolicy/GPOOperations">
    <GroupPolicyObject><SecurityGroups><Group bkp:Source="FromDACL"><Sid><![CDATA[S-1-5-21-1436701757-2399581611-831833257-512]]></Sid><SamAccountName><![CDATA[Domain Admins]]></SamAccountName><Type><![CDATA[GlobalGroup]]></Type><NetBIOSDomainName><![CDATA[0740036M]]></NetBIOSDomainName><DnsDomainName><![CDATA[0740036m.etab]]></DnsDomainName><UPN><![CDATA[Domain Admins@0740036m.etab]]></UPN></Group><Group bkp:Source="FromDACL"><Sid><![CDATA[S-1-5-21-1436701757-2399581611-831833257-1576]]></Sid><SamAccountName><![CDATA[master]]></SamAccountName><Type><![CDATA[User]]></Type><NetBIOSDomainName><![CDATA[0740036M]]></NetBIOSDomainName><DnsDomainName><![CDATA[0740036m.etab]]></DnsDomainName><UPN><![CDATA[master@0740036m.etab]]></UPN></Group><Group bkp:Source="FromDACL"><Sid><![CDATA[S-1-5-21-1436701757-2399581611-831833257-519]]></Sid><SamAccountName><![CDATA[Enterprise Admins]]></SamAccountName><Type><![CDATA[UniversalGroup]]></Type><NetBIOSDomainName><![CDATA[0740036M]]></NetBIOSDomainName><DnsDomainName><![CDATA[0740036m.etab]]></DnsDomainName><UPN><![CDATA[Enterprise Admins@0740036m.etab]]></UPN></Group><Group bkp:Source="FromDACL"><Sid><![CDATA[S-1-5-21-1436701757-2399581611-831833257-1106]]></Sid><SamAccountName><![CDATA[eleves]]></SamAccountName><Type><![CDATA[GlobalGroup]]></Type><NetBIOSDomainName><![CDATA[0740036M]]></NetBIOSDomainName><DnsDomainName><![CDATA[0740036m.etab]]></DnsDomainName><UPN><![CDATA[eleves@0740036m.etab]]></UPN></Group></SecurityGroups><FilePaths/><GroupPolicyCoreSettings><ID><![CDATA[{8BB6A515-463B-4301-9096-C0B357F53AFF}]]></ID><Domain><![CDATA[0740036m.etab]]></Domain><SecurityDescriptor>01 00 04 91 00 00 00 00 00 00 00 00 00 00 00 00 14 00 00 00 04 00 80 01 0b 00 00 00 06 03 38 00 00 01 00 00 01 00 00 00 8f fd ac ed b3 ff d1 11 b4 1d 00 a0 c9 68 f9 39 01 05 00 00 00 00 00 05 15 00 00 00 3d 54 a2 55 ab b5 06 8f a9 c4 94 31 52 04 00 00 06 03 38 00 00 01 00 00 01 00 00 00 8f fd ac ed b3 ff d1 11 b4 1d 00 a0 c9 68 f9 39 01 05 00 00 00 00 00 05 15 00 00 00 3d 54 a2 55 ab b5 06 8f a9 c4 94 31 28 06 00 00 00 0b 14 00 ff 00 0f 00 01 01 00 00 00 00 00 03 00 00 00 00 00 03 14 00 94 00 02 00 01 01 00 00 00 00 00 05 0b 00 00 00 00 03 14 00 ff 00 0f 00 01 01 00 00 00 00 00 05 12 00 00 00 00 03 24 00 14 00 02 00 01 05 00 00 00 00 00 05 15 00 00 00 3d 54 a2 55 ab b5 06 8f a9 c4 94 31 52 04 00 00 00 03 24 00 ff 00 0f 00 01 05 00 00 00 00 00 05 15 00 00 00 3d 54 a2 55 ab b5 06 8f a9 c4 94 31 00 02 00 00 00 03 24 00 ff 00 0f 00 01 05 00 00 00 00 00 05 15 00 00 00 3d 54 a2 55 ab b5 06 8f a9 c4 94 31 07 02 00 00 00 03 14 00 94 00 02 00 01 01 00 00 00 00 00 05 09 00 00 00 00 03 24 00 14 00 02 00 01 05 00 00 00 00 00 05 15 00 00 00 3d 54 a2 55 ab b5 06 8f a9 c4 94 31 28 06 00 00 05 03 28 00 00 01 00 00 01 00 00 00 8f fd ac ed b3 ff d1 11 b4 1d 00 a0 c9 68 f9 39 01 01 00 00 00 00 00 05 0b 00 00 00</SecurityDescriptor><DisplayName><![CDATA[Profs]]></DisplayName><Options><![CDATA[2]]></Options><UserVersionNumber><![CDATA[196611]]></UserVersionNumber><MachineVersionNumber><![CDATA[65537]]></MachineVersionNumber><MachineExtensionGuids><![CDATA[[{35378EAC-683F-11D2-A89A-00C04FBBCFA2}{D02B1F72-3407-48AE-BA88-E8213C6761F1}]]]></MachineExtensionGuids><UserExtensionGuids><![CDATA[[{00000000-0000-0000-0000-000000000000}{2EA1A81B-48E5-45E9-8BB7-A6E3AC170006}][{25537BA6-77A8-11D2-9B6C-0000F8080861}{88E729D6-BDC1-11D1-BD2A-00C04FB9603F}][{5794DAFD-BE60-433F-88A2-1A31939AC01F}{2EA1A81B-48E5-45E9-8BB7-A6E3AC170006}]]]></UserExtensionGuids><WMIFilter/></GroupPolicyCoreSettings> 
        <GroupPolicyExtension bkp:ID="{35378EAC-683F-11D2-A89A-00C04FBBCFA2}" bkp:DescName="Registry">
            <FSObjectFile bkp:Path="%GPO_MACH_FSPATH%\registry.pol" bkp:SourceExpandedPath="\\addc.0740036m.etab\sysvol\0740036m.etab\Policies\{8BB6A515-463B-4301-9096-C0B357F53AFF}\Machine\registry.pol" bkp:Location="DomainSysvol\GPO\Machine\registry.pol"/>
            <FSObjectFile bkp:Path="%GPO_USER_FSPATH%\registry.pol" bkp:SourceExpandedPath="\\addc.0740036m.etab\sysvol\0740036m.etab\Policies\{8BB6A515-463B-4301-9096-C0B357F53AFF}\User\registry.pol" bkp:Location="DomainSysvol\GPO\User\registry.pol"/>
            <FSObjectFile bkp:Path="%GPO_FSPATH%\Adm\*.*" bkp:SourceExpandedPath="\\addc.0740036m.etab\sysvol\0740036m.etab\Policies\{8BB6A515-463B-4301-9096-C0B357F53AFF}\Adm\*.*"/>
        </GroupPolicyExtension>
        
        <GroupPolicyExtension bkp:ID="{25537BA6-77A8-11D2-9B6C-0000F8080861}" bkp:DescName="Folder Redirection">
            <FSObjectFile bkp:Path="%GPO_USER_FSPATH%\Documents &amp; Settings\*" bkp:SourceExpandedPath="\\addc.0740036m.etab\sysvol\0740036m.etab\Policies\{8BB6A515-463B-4301-9096-C0B357F53AFF}\User\Documents &amp; Settings\*" bkp:ReEvaluateFunction="FRValidateSettings"><FSObjectFile bkp:Path="%GPO_USER_FSPATH%\Documents &amp; Settings\fdeploy1.ini" bkp:SourceExpandedPath="\\addc.0740036m.etab\sysvol\0740036m.etab\Policies\{8BB6A515-463B-4301-9096-C0B357F53AFF}\User\Documents &amp; Settings\fdeploy1.ini" bkp:Location="DomainSysvol\GPO\User\Documents &amp; Settings\fdeploy1.ini"/><FSObjectFile bkp:Path="%GPO_USER_FSPATH%\Documents &amp; Settings\fdeploy.ini" bkp:SourceExpandedPath="\\addc.0740036m.etab\sysvol\0740036m.etab\Policies\{8BB6A515-463B-4301-9096-C0B357F53AFF}\User\Documents &amp; Settings\fdeploy.ini" bkp:Location="DomainSysvol\GPO\User\Documents &amp; Settings\fdeploy.ini"/></FSObjectFile>
        </GroupPolicyExtension>
        
        
        
        
        
        
        
    <GroupPolicyExtension bkp:ID="{F15C46CD-82A0-4C2D-A210-5D0D3182A418}" bkp:DescName="Unknown Extension"><FSObjectFile bkp:Path="%GPO_MACH_FSPATH%\comment.cmtx" bkp:SourceExpandedPath="\\addc.0740036m.etab\sysvol\0740036m.etab\Policies\{8BB6A515-463B-4301-9096-C0B357F53AFF}\Machine\comment.cmtx" bkp:Location="DomainSysvol\GPO\Machine\comment.cmtx"/><FSObjectDir bkp:Path="%GPO_MACH_FSPATH%\Scripts" bkp:SourceExpandedPath="\\addc.0740036m.etab\sysvol\0740036m.etab\Policies\{8BB6A515-463B-4301-9096-C0B357F53AFF}\Machine\Scripts" bkp:Location="DomainSysvol\GPO\Machine\Scripts"/><FSObjectDir bkp:Path="%GPO_MACH_FSPATH%\Scripts\Shutdown" bkp:SourceExpandedPath="\\addc.0740036m.etab\sysvol\0740036m.etab\Policies\{8BB6A515-463B-4301-9096-C0B357F53AFF}\Machine\Scripts\Shutdown" bkp:Location="DomainSysvol\GPO\Machine\Scripts\Shutdown"/><FSObjectDir bkp:Path="%GPO_MACH_FSPATH%\Scripts\Startup" bkp:SourceExpandedPath="\\addc.0740036m.etab\sysvol\0740036m.etab\Policies\{8BB6A515-463B-4301-9096-C0B357F53AFF}\Machine\Scripts\Startup" bkp:Location="DomainSysvol\GPO\Machine\Scripts\Startup"/><FSObjectFile bkp:Path="%GPO_USER_FSPATH%\comment.cmtx" bkp:SourceExpandedPath="\\addc.0740036m.etab\sysvol\0740036m.etab\Policies\{8BB6A515-463B-4301-9096-C0B357F53AFF}\User\comment.cmtx" bkp:Location="DomainSysvol\GPO\User\comment.cmtx"/><FSObjectDir bkp:Path="%GPO_USER_FSPATH%\Documents &amp; Settings" bkp:SourceExpandedPath="\\addc.0740036m.etab\sysvol\0740036m.etab\Policies\{8BB6A515-463B-4301-9096-C0B357F53AFF}\User\Documents &amp; Settings" bkp:Location="DomainSysvol\GPO\User\Documents &amp; Settings"/><FSObjectDir bkp:Path="%GPO_USER_FSPATH%\Preferences" bkp:SourceExpandedPath="\\addc.0740036m.etab\sysvol\0740036m.etab\Policies\{8BB6A515-463B-4301-9096-C0B357F53AFF}\User\Preferences" bkp:Location="DomainSysvol\GPO\User\Preferences"/><FSObjectDir bkp:Path="%GPO_USER_FSPATH%\Preferences\Drives" bkp:SourceExpandedPath="\\addc.0740036m.etab\sysvol\0740036m.etab\Policies\{8BB6A515-463B-4301-9096-C0B357F53AFF}\User\Preferences\Drives" bkp:Location="DomainSysvol\GPO\User\Preferences\Drives"/><FSObjectFile bkp:Path="%GPO_USER_FSPATH%\Preferences\Drives\Drives.xml" bkp:SourceExpandedPath="\\addc.0740036m.etab\sysvol\0740036m.etab\Policies\{8BB6A515-463B-4301-9096-C0B357F53AFF}\User\Preferences\Drives\Drives.xml" bkp:Location="DomainSysvol\GPO\User\Preferences\Drives\Drives.xml"/><FSObjectDir bkp:Path="%GPO_USER_FSPATH%\Scripts" bkp:SourceExpandedPath="\\addc.0740036m.etab\sysvol\0740036m.etab\Policies\{8BB6A515-463B-4301-9096-C0B357F53AFF}\User\Scripts" bkp:Location="DomainSysvol\GPO\User\Scripts"/><FSObjectDir bkp:Path="%GPO_USER_FSPATH%\Scripts\Logoff" bkp:SourceExpandedPath="\\addc.0740036m.etab\sysvol\0740036m.etab\Policies\{8BB6A515-463B-4301-9096-C0B357F53AFF}\User\Scripts\Logoff" bkp:Location="DomainSysvol\GPO\User\Scripts\Logoff"/><FSObjectDir bkp:Path="%GPO_USER_FSPATH%\Scripts\Logon" bkp:SourceExpandedPath="\\addc.0740036m.etab\sysvol\0740036m.etab\Policies\{8BB6A515-463B-4301-9096-C0B357F53AFF}\User\Scripts\Logon" bkp:Location="DomainSysvol\GPO\User\Scripts\Logon"/></GroupPolicyExtension></GroupPolicyObject>
</GroupPolicyBackupScheme>