<BackupInst xmlns="http://www.microsoft.com/GroupPolicy/GPOOperations/Manifest"><GPOGuid><![CDATA[{8BB6A515-463B-4301-9096-C0B357F53AFF}]]></GPOGuid><GPODomain><![CDATA[0740036m.etab]]></GPODomain><GPODomainGuid><![CDATA[{79f77016-556a-4653-a9bd-060c275f2c92}]]></GPODomainGuid><GPODomainController><![CDATA[addc.0740036m.etab]]></GPODomainController><BackupTime><![CDATA[2020-10-13T09:22:30]]></BackupTime><ID><![CDATA[{879B2149-329D-4A5F-B0AE-86BAD2B12C0B}]]></ID><Comment><![CDATA[]]></Comment><GPODisplayName><![CDATA[Profs]]></GPODisplayName></BackupInst>
