<?xml version="1.0" encoding="utf-8"?>
<RegistrySettings clsid="{A3CCFC41-DFDB-43a5-8D26-0FE8B954DA51}"><Registry clsid="{9CD4B2F4-923D-47f5-A062-E897DD1DAD50}" name="System.IsPinnedToNameSpaceTree" status="System.IsPinnedToNameSpaceTree" image="12" changed="2019-03-07 14:13:56" uid="{63CE1B06-3C64-4B23-A8CC-AFF0A22668A0}" desc="Suppression de OneDrive dans l'explorateur" bypassErrors="1"><Properties action="U" displayDecimal="0" default="0" hive="HKEY_CLASSES_ROOT" key="CLSID\{018D5C66-4533-4307-9B53-224DE2ED1FE6}" name="System.IsPinnedToNameSpaceTree" type="REG_DWORD" value="00000000"/></Registry>
	<Registry clsid="{9CD4B2F4-923D-47f5-A062-E897DD1DAD50}" name="ProxyEnable" status="ProxyEnable" image="12" changed="2018-04-17 08:00:28" uid="{EFB1BD1B-B518-42D1-ABDA-8542B1505ED6}"><Properties action="U" displayDecimal="0" default="0" hive="HKEY_CURRENT_USER" key="Software\Microsoft\Windows\CurrentVersion\Internet Settings" name="ProxyEnable" type="REG_DWORD" value="00000001"/></Registry>
	<Registry clsid="{9CD4B2F4-923D-47f5-A062-E897DD1DAD50}" name="ProxyServer" status="ProxyServer" image="7" changed="2020-08-28 09:50:48" uid="{40C8D75A-027D-4E09-B907-D73C187F650B}"><Properties action="U" displayDecimal="0" default="0" hive="HKEY_CURRENT_USER" key="Software\Microsoft\Windows\CurrentVersion\Internet Settings" name="ProxyServer" type="REG_SZ" value="amon:3128"/></Registry>
	<Registry clsid="{9CD4B2F4-923D-47f5-A062-E897DD1DAD50}" name="ProxyOverride" status="ProxyOverride" image="7" changed="2020-10-08 07:41:48" uid="{0FBFD725-3A81-409B-A0DC-891B0BBB8325}"><Properties action="U" displayDecimal="0" default="0" hive="HKEY_CURRENT_USER" key="Software\Microsoft\Windows\CurrentVersion\Internet Settings" name="ProxyOverride" type="REG_SZ" value="*.etab"/></Registry>
	<Registry clsid="{9CD4B2F4-923D-47f5-A062-E897DD1DAD50}" name="{4a7ded0a-ad25-11d0-98a8-0800361b1103}" status="{4a7ded0a-ad25-11d0-98a8-0800361b1103}" image="3" changed="2019-02-22 13:00:16" uid="{08AA2F01-6372-4495-9D5A-AF5E26B7BF54}" desc="Suppression de l'onglet emplacement sur les repertoires" bypassErrors="1"><Properties action="D" displayDecimal="1" default="0" hive="HKEY_CLASSES_ROOT" key="Directory\shellex\PropertySheetHandlers\{4a7ded0a-ad25-11d0-98a8-0800361b1103}" name="" type="REG_SZ" value=""/></Registry>
	<Registry clsid="{9CD4B2F4-923D-47f5-A062-E897DD1DAD50}" name="{ef43ecfe-2ab9-4632-bf21-58909dd177f0}" status="{ef43ecfe-2ab9-4632-bf21-58909dd177f0}" image="3" changed="2019-02-22 12:59:42" uid="{FF2E75A1-7962-4BEC-BC3B-795A02E468A8}" desc="suppression de l'onglet personnnaliser sur les repertoires" bypassErrors="1"><Properties action="D" displayDecimal="1" default="0" hive="HKEY_CLASSES_ROOT" key="Directory\shellex\PropertySheetHandlers\{ef43ecfe-2ab9-4632-bf21-58909dd177f0}" name="" type="REG_SZ" value=""/></Registry>
	<Registry clsid="{9CD4B2F4-923D-47f5-A062-E897DD1DAD50}" name="{ef43ecfe-2ab9-4632-bf21-58909dd177f0}" status="{ef43ecfe-2ab9-4632-bf21-58909dd177f0}" image="3" changed="2019-02-22 12:58:57" uid="{827AB3C0-899C-4898-A129-3611D9C79F74}" desc="Suppression onglet Personnaliser sur les disque" bypassErrors="1"><Properties action="D" displayDecimal="1" default="0" hive="HKEY_CLASSES_ROOT" key="Drive\shellex\PropertySheetHandlers\{ef43ecfe-2ab9-4632-bf21-58909dd177f0}" name="" type="REG_SZ" value=""/></Registry>
	<Registry clsid="{9CD4B2F4-923D-47f5-A062-E897DD1DAD50}" name="_LabelFromReg" status="_LabelFromReg" image="7" changed="2019-05-21 10:46:36" uid="{A0721536-3C38-42B4-A967-90E233E6B8D1}" desc="Interdire renommage du lecteur réseau U perso" bypassErrors="1"><Properties action="U" displayDecimal="1" default="0" hive="HKEY_CURRENT_USER" key="Software\Microsoft\Windows\CurrentVersion\Explorer\MountPoints2\##scribe#%username%#perso" name="_LabelFromReg" type="REG_SZ" value="perso (\\scribe\%username%)"/></Registry>
	<Registry clsid="{9CD4B2F4-923D-47f5-A062-E897DD1DAD50}" name="_LabelFromReg" status="_LabelFromReg" image="7" changed="2019-05-21 10:59:55" uid="{56577F85-9535-4117-8B50-D91EDEF447F4}" desc="Interdire renommage du lecteur réseau S groupes" bypassErrors="1"><Properties action="U" displayDecimal="1" default="0" hive="HKEY_CURRENT_USER" key="Software\Microsoft\Windows\CurrentVersion\Explorer\MountPoints2\##scribe#groupes" name="_LabelFromReg" type="REG_SZ" value="groupes (\\scribe )"/></Registry>
	<Registry clsid="{9CD4B2F4-923D-47f5-A062-E897DD1DAD50}" name="_LabelFromReg" status="_LabelFromReg" image="7" changed="2019-05-21 11:01:27" uid="{90F64DB3-C902-4582-8BD5-28C7CB48AC23}" desc="Interdire renommage du lecteur réseau T Commun" bypassErrors="1"><Properties action="U" displayDecimal="1" default="0" hive="HKEY_CURRENT_USER" key="Software\Microsoft\Windows\CurrentVersion\Explorer\MountPoints2\##scribe#commun" name="_LabelFromReg" type="REG_SZ" value="commun (\\scribe )"/></Registry>
	<Registry clsid="{9CD4B2F4-923D-47f5-A062-E897DD1DAD50}" name="_LabelFromReg" status="_LabelFromReg" image="7" changed="2019-05-21 11:02:58" uid="{29D185E4-0B8C-46DE-B186-6E68B115D82C}" desc="Interdire renommage du lecteur réseau P professeurs" bypassErrors="1"><Properties action="U" displayDecimal="1" default="0" hive="HKEY_CURRENT_USER" key="Software\Microsoft\Windows\CurrentVersion\Explorer\MountPoints2\##scribe#professeurs" name="_LabelFromReg" type="REG_SZ" value="professeurs (\\scribe )"/></Registry>
	<Registry clsid="{9CD4B2F4-923D-47f5-A062-E897DD1DAD50}" name="NoDrives" status="NoDrives" image="12" changed="2019-10-08 13:49:33" uid="{DCE2760F-D031-4391-BA88-E1734FFC0B42}" desc="Cacher le lecteur C et R" bypassErrors="1"><Properties action="U" displayDecimal="1" default="0" hive="HKEY_CURRENT_USER" key="Software\Microsoft\Windows\CurrentVersion\Policies\Explorer" name="NoDrives" type="REG_DWORD" value="00020004"/></Registry>
	<Registry clsid="{9CD4B2F4-923D-47f5-A062-E897DD1DAD50}" name="{20D04FE0-3AEA-1069-A2D8-08002B30309D}" status="{20D04FE0-3AEA-1069-A2D8-08002B30309D}" image="12" changed="2019-10-14 09:15:36" uid="{1C3B1697-DD83-4B3D-813A-C276C50EF56C}" desc="Icone Ce Pc sur le Bureau" bypassErrors="1"><Properties action="U" displayDecimal="1" default="0" hive="HKEY_CURRENT_USER" key="Software\Microsoft\Windows\CurrentVersion\Explorer\HideDesktopIcons\NewStartPanel" name="{20D04FE0-3AEA-1069-A2D8-08002B30309D}" type="REG_DWORD" value="00000000"/></Registry>
</RegistrySettings>
