<Backups xmlns="http://www.microsoft.com/GroupPolicy/GPOOperations/Manifest" xmlns:mfst="http://www.microsoft.com/GroupPolicy/GPOOperations/Manifest" mfst:version="1.0"><BackupInst><GPOGuid><![CDATA[{99B1F5C1-866E-4772-BE5D-876D5F97383B}]]></GPOGuid><GPODomain><![CDATA[0740036m.etab]]></GPODomain><GPODomainGuid><![CDATA[{79f77016-556a-4653-a9bd-060c275f2c92}]]></GPODomainGuid><GPODomainController><![CDATA[addc.0740036m.etab]]></GPODomainController><BackupTime><![CDATA[2020-10-13T09:21:07]]></BackupTime><ID><![CDATA[{F967CFE5-157C-49C0-BEE7-F30A53EF1397}]]></ID><Comment><![CDATA[]]></Comment><GPODisplayName><![CDATA[geicos]]></GPODisplayName></BackupInst></Backups>